Player,G,PA,AB,R,H,2B,3B,HR,TB,RBI,SB,CS,SH,SF,SO,BB,IBB,HP,GDP,AVG,OBP,SLG,OPS,OPS+,ISO,BABIP,TTO%,K%,BB%,BB/K,Team,League,keys
<a href=https://npb.jp/bis/eng/players/01505132.html>Okoye Louis</a>,6.0,20.0,19.0,1.0,3.0,1.0,0.0,0.0,4.0,0.0,0.0,0.0,1.0,0.0,9.0,0.0,0.0,0.0,0.0,0.158,0.150,0.211,0.361,11,0.053,0.300,45.0%,45.0%,0.0%,0.00,<a href=https://npb.jp/bis/eng/teams/index_g.html>Yomiuri</a>,CL,"('オコエ 瑠偉', 'Yomiuri Giants')"
<a href=https://npb.jp/bis/eng/players/73375151.html>Austin Tyler</a>,13.0,54.0,43.0,4.0,11.0,4.0,0.0,3.0,24.0,7.0,0.0,0.0,0.0,0.0,16.0,10.0,0.0,1.0,1.0,0.256,0.407,0.558,0.966,193,0.302,0.333,53.7%,29.6%,18.5%,0.62,<a href=https://npb.jp/bis/eng/teams/index_db.html>DeNA</a>,CL,"('オースティン', 'DeNA BayStars')"
<a href=https://npb.jp/bis/eng/players/03705157.html>Griffin Foster</a>,1.0,1.0,1.0,0.0,0.0,0.0,0.0,0.0,0.0,0.0,0.0,0.0,0.0,0.0,1.0,0.0,0.0,0.0,0.0,0.000,0.000,0.000,0.000,-101,0.000,,100.0%,100.0%,0.0%,0.00,<a href=https://npb.jp/bis/eng/teams/index_g.html>Yomiuri</a>,CL,"('グリフィン', 'Yomiuri Giants')"
<a href=https://npb.jp/bis/eng/players/13715159.html>Kay Anthony</a>,3.0,3.0,3.0,0.0,0.0,0.0,0.0,0.0,0.0,0.0,0.0,0.0,0.0,0.0,3.0,0.0,0.0,0.0,0.0,0.000,0.000,0.000,0.000,-98,0.000,,100.0%,100.0%,0.0%,0.00,<a href=https://npb.jp/bis/eng/teams/index_db.html>DeNA</a>,CL,"('ケイ', 'DeNA BayStars')"
<a href=https://npb.jp/bis/eng/players/43745159.html>Jackson Andre</a>,4.0,5.0,4.0,0.0,1.0,0.0,0.0,0.0,1.0,0.0,0.0,0.0,1.0,0.0,2.0,0.0,0.0,0.0,0.0,0.250,0.200,0.250,0.450,38,0.000,0.500,40.0%,40.0%,0.0%,0.00,<a href=https://npb.jp/bis/eng/teams/index_db.html>DeNA</a>,CL,"('ジャクソン', 'DeNA BayStars')"
<a href=https://npb.jp/bis/eng/players/03505136.html>Soto Neftali</a>,3.0,12.0,10.0,0.0,0.0,0.0,0.0,0.0,0.0,0.0,0.0,0.0,0.0,0.0,3.0,2.0,1.0,0.0,1.0,0.000,0.167,0.000,0.167,-43,0.000,0.000,41.7%,25.0%,16.7%,0.67,<a href=https://npb.jp/bis/eng/teams/index_m.html>Lotte</a>,PL,"('ソト', 'Lotte Marines')"
<a href=https://npb.jp/bis/eng/players/43245159.html>Downs Jeter</a>,6.0,16.0,14.0,1.0,3.0,0.0,0.0,0.0,3.0,0.0,0.0,0.0,0.0,0.0,3.0,2.0,0.0,0.0,0.0,0.214,0.312,0.214,0.527,66,0.000,0.273,31.2%,18.8%,12.5%,0.67,<a href=https://npb.jp/bis/eng/teams/index_h.html>SoftBank</a>,PL,"('ダウンズ', 'SoftBank Hawks')"
<a href=https://npb.jp/bis/eng/players/03205159.html>Ford Mike</a>,12.0,17.0,15.0,1.0,5.0,1.0,0.0,1.0,9.0,2.0,0.0,0.0,0.0,0.0,2.0,1.0,0.0,1.0,0.0,0.333,0.412,0.600,1.012,206,0.267,0.333,23.5%,11.8%,5.9%,0.50,<a href=https://npb.jp/bis/eng/teams/index_db.html>DeNA</a>,CL,"('フォード', 'DeNA BayStars')"
<a href=https://npb.jp/bis/eng/players/33435157.html>Hernandez Darwinzon</a>,9.0,11.0,11.0,0.0,0.0,0.0,0.0,0.0,0.0,0.0,0.0,0.0,0.0,0.0,3.0,0.0,0.0,0.0,0.0,0.000,0.000,0.000,0.000,-98,0.000,0.000,27.3%,27.3%,0.0%,0.00,<a href=https://npb.jp/bis/eng/teams/index_h.html>SoftBank</a>,PL,"('ヘルナンデス', 'SoftBank Hawks')"
<a href=https://npb.jp/bis/eng/players/63065155.html>Polanco Gregory</a>,3.0,12.0,12.0,1.0,2.0,0.0,0.0,1.0,5.0,1.0,0.0,0.0,0.0,0.0,4.0,0.0,0.0,0.0,0.0,0.167,0.167,0.417,0.583,73,0.250,0.143,41.7%,33.3%,0.0%,0.00,<a href=https://npb.jp/bis/eng/teams/index_m.html>Lotte</a>,PL,"('ポランコ', 'Lotte Marines')"
<a href=https://npb.jp/bis/eng/players/73975136.html>Martinez Ariel</a>,4.0,12.0,11.0,0.0,1.0,0.0,0.0,0.0,1.0,1.0,0.0,0.0,0.0,0.0,4.0,1.0,0.0,0.0,0.0,0.091,0.167,0.091,0.258,-17,0.000,0.143,41.7%,33.3%,8.3%,0.25,<a href=https://npb.jp/bis/eng/teams/index_f.html>Nipponham</a>,PL,"('マルティネス', 'Nipponham Fighters')"
<a href=https://npb.jp/bis/eng/players/63965134.html>Moinelo Livan</a>,2.0,3.0,2.0,0.0,0.0,0.0,0.0,0.0,0.0,0.0,0.0,0.0,1.0,0.0,1.0,0.0,0.0,0.0,0.0,0.000,0.000,0.000,0.000,-98,0.000,0.000,33.3%,33.3%,0.0%,0.00,<a href=https://npb.jp/bis/eng/teams/index_h.html>SoftBank</a>,PL,"('モイネロ', 'SoftBank Hawks')"
<a href=https://npb.jp/bis/eng/players/23225159.html>Montes Coco</a>,1.0,4.0,4.0,0.0,0.0,0.0,0.0,0.0,0.0,0.0,0.0,0.0,0.0,0.0,2.0,0.0,0.0,0.0,0.0,0.000,0.000,0.000,0.000,-101,0.000,0.000,50.0%,50.0%,0.0%,0.00,<a href=https://npb.jp/bis/eng/teams/index_g.html>Yomiuri</a>,CL,"('モンテス', 'Yomiuri Giants')"
<a href=https://npb.jp/bis/eng/players/73075159.html>Reyes Franmil</a>,6.0,24.0,22.0,2.0,7.0,0.0,0.0,1.0,10.0,1.0,0.0,0.0,0.0,0.0,10.0,2.0,0.0,0.0,0.0,0.318,0.375,0.455,0.830,151,0.136,0.545,54.2%,41.7%,8.3%,0.20,<a href=https://npb.jp/bis/eng/teams/index_f.html>Nipponham</a>,PL,"('レイエス', 'Nipponham Fighters')"
<a href=https://npb.jp/bis/eng/players/11815138.html>Mannami Chusei</a>,6.0,24.0,22.0,2.0,7.0,1.0,0.0,1.0,11.0,3.0,0.0,0.0,0.0,0.0,7.0,2.0,0.0,0.0,0.0,0.318,0.375,0.500,0.875,164,0.182,0.429,41.7%,29.2%,8.3%,0.29,<a href=https://npb.jp/bis/eng/teams/index_f.html>Nipponham</a>,PL,"('万波 中正', 'Nipponham Fighters')"
<a href=https://npb.jp/bis/eng/players/01505155.html>Kamikawabata Daigo</a>,6.0,13.0,12.0,1.0,2.0,0.0,0.0,0.0,2.0,0.0,0.0,0.0,0.0,0.0,1.0,0.0,0.0,1.0,2.0,0.167,0.231,0.167,0.397,24,0.000,0.182,7.7%,7.7%,0.0%,0.00,<a href=https://npb.jp/bis/eng/teams/index_f.html>Nipponham</a>,PL,"('上川畑 大悟', 'Nipponham Fighters')"
<a href=https://npb.jp/bis/eng/players/51655153.html>Nakayama Raito</a>,6.0,19.0,19.0,1.0,5.0,0.0,0.0,1.0,8.0,1.0,0.0,0.0,0.0,0.0,4.0,0.0,0.0,0.0,0.0,0.263,0.263,0.421,0.684,110,0.158,0.286,26.3%,21.1%,0.0%,0.00,<a href=https://npb.jp/bis/eng/teams/index_g.html>Yomiuri</a>,CL,"('中山 礼都', 'Yomiuri Giants')"
<a href=https://npb.jp/bis/eng/players/11215118.html>Nakashima Takuya</a>,1.0,2.0,1.0,0.0,0.0,0.0,0.0,0.0,0.0,0.0,0.0,0.0,1.0,0.0,0.0,0.0,0.0,0.0,0.0,0.000,0.000,0.000,0.000,-97,0.000,0.000,0.0%,0.0%,0.0%,,<a href=https://npb.jp/bis/eng/teams/index_f.html>Nipponham</a>,PL,"('中島 卓也', 'Nipponham Fighters')"
<a href=https://npb.jp/bis/eng/players/21425153.html>Nakagawa Hayate</a>,6.0,1.0,1.0,0.0,0.0,0.0,0.0,0.0,0.0,0.0,0.0,0.0,0.0,0.0,0.0,0.0,0.0,0.0,0.0,0.000,0.000,0.000,0.000,-98,0.000,0.000,0.0%,0.0%,0.0%,,<a href=https://npb.jp/bis/eng/teams/index_db.html>DeNA</a>,CL,"('中川 颯', 'DeNA BayStars')"
<a href=https://npb.jp/bis/eng/players/51455130.html>Nakamura Shogo</a>,2.0,8.0,7.0,2.0,2.0,0.0,0.0,1.0,5.0,1.0,0.0,0.0,0.0,0.0,2.0,0.0,0.0,1.0,0.0,0.286,0.375,0.714,1.089,225,0.429,0.250,37.5%,25.0%,0.0%,0.00,<a href=https://npb.jp/bis/eng/teams/index_m.html>Lotte</a>,PL,"('中村 奨吾', 'Lotte Marines')"
<a href=https://npb.jp/bis/eng/players/11215116.html>Nakamura Akira</a>,3.0,3.0,3.0,0.0,0.0,0.0,0.0,0.0,0.0,0.0,0.0,0.0,0.0,0.0,0.0,0.0,0.0,0.0,0.0,0.000,0.000,0.000,0.000,-98,0.000,0.000,0.0%,0.0%,0.0%,,<a href=https://npb.jp/bis/eng/teams/index_h.html>SoftBank</a>,PL,"('中村 晃', 'SoftBank Hawks')"
<a href=https://npb.jp/bis/eng/players/41445153.html>Nakano Takumu</a>,2.0,9.0,9.0,0.0,1.0,0.0,0.0,0.0,1.0,0.0,0.0,0.0,0.0,0.0,1.0,0.0,0.0,0.0,0.0,0.111,0.111,0.111,0.222,-32,0.000,0.125,11.1%,11.1%,0.0%,0.00,<a href=https://npb.jp/bis/eng/teams/index_t.html>Hanshin</a>,CL,"('中野 拓夢', 'Hanshin Tigers')"
<a href=https://npb.jp/bis/eng/players/21425116.html>Maru Yoshihiro</a>,6.0,25.0,24.0,0.0,5.0,1.0,0.0,0.0,6.0,0.0,0.0,1.0,0.0,0.0,4.0,1.0,0.0,0.0,1.0,0.208,0.240,0.250,0.490,53,0.042,0.250,20.0%,16.0%,4.0%,0.25,<a href=https://npb.jp/bis/eng/teams/index_g.html>Yomiuri</a>,CL,"('丸 佳浩', 'Yomiuri Giants')"
<a href=https://npb.jp/bis/eng/players/51355151.html>Inoue Haruto</a>,1.0,1.0,1.0,0.0,0.0,0.0,0.0,0.0,0.0,0.0,0.0,0.0,0.0,0.0,0.0,0.0,0.0,0.0,0.0,0.000,0.000,0.000,0.000,-101,0.000,0.000,0.0%,0.0%,0.0%,,<a href=https://npb.jp/bis/eng/teams/index_g.html>Yomiuri</a>,CL,"('井上 温大', 'Yomiuri Giants')"
<a href=https://npb.jp/bis/eng/players/31335131.html>Imamiya Kenta</a>,9.0,37.0,34.0,4.0,14.0,4.0,0.0,1.0,21.0,3.0,0.0,0.0,2.0,0.0,6.0,1.0,0.0,0.0,0.0,0.412,0.405,0.618,1.023,209,0.206,0.481,21.6%,16.2%,2.7%,0.17,<a href=https://npb.jp/bis/eng/teams/index_h.html>SoftBank</a>,PL,"('今宮 健太', 'SoftBank Hawks')"
<a href=https://npb.jp/bis/eng/players/81185116.html>Itoh Hikaru</a>,1.0,4.0,3.0,0.0,0.0,0.0,0.0,0.0,0.0,0.0,0.0,0.0,0.0,0.0,0.0,1.0,0.0,0.0,1.0,0.000,0.250,0.000,0.250,-16,0.000,0.000,25.0%,0.0%,25.0%,1.00,<a href=https://npb.jp/bis/eng/teams/index_db.html>DeNA</a>,CL,"('伊藤 光', 'DeNA BayStars')"
<a href=https://npb.jp/bis/eng/players/61065137.html>Fushimi Torai</a>,4.0,10.0,9.0,1.0,2.0,0.0,0.0,1.0,5.0,1.0,0.0,0.0,1.0,0.0,1.0,0.0,0.0,0.0,0.0,0.222,0.200,0.556,0.756,122,0.333,0.143,20.0%,10.0%,0.0%,0.00,<a href=https://npb.jp/bis/eng/teams/index_f.html>Nipponham</a>,PL,"('伏見 寅威', 'Nipponham Fighters')"
<a href=https://npb.jp/bis/eng/players/51955159.html>Sasaki Shunsuke</a>,2.0,2.0,2.0,0.0,0.0,0.0,0.0,0.0,0.0,0.0,0.0,0.0,0.0,0.0,0.0,0.0,0.0,0.0,0.0,0.000,0.000,0.000,0.000,-101,0.000,0.000,0.0%,0.0%,0.0%,,<a href=https://npb.jp/bis/eng/teams/index_g.html>Yomiuri</a>,CL,"('佐々木 俊輔', 'Yomiuri Giants')"
<a href=https://npb.jp/bis/eng/players/41045153.html>Sato Teruaki</a>,2.0,8.0,8.0,0.0,1.0,1.0,0.0,0.0,2.0,0.0,0.0,0.0,0.0,0.0,5.0,0.0,0.0,0.0,0.0,0.125,0.125,0.250,0.375,14,0.125,0.333,62.5%,62.5%,0.0%,0.00,<a href=https://npb.jp/bis/eng/teams/index_t.html>Hanshin</a>,CL,"('佐藤 輝明', 'Hanshin Tigers')"
<a href=https://npb.jp/bis/eng/players/71075151.html>Satoh Toshiya</a>,3.0,12.0,11.0,1.0,2.0,1.0,0.0,0.0,3.0,0.0,0.0,0.0,0.0,0.0,2.0,1.0,0.0,0.0,0.0,0.182,0.250,0.273,0.523,60,0.091,0.222,25.0%,16.7%,8.3%,0.50,<a href=https://npb.jp/bis/eng/teams/index_m.html>Lotte</a>,PL,"('佐藤 都志也', 'Lotte Marines')"
<a href=https://npb.jp/bis/eng/players/91995134.html>Sano Keita</a>,13.0,52.0,46.0,4.0,10.0,2.0,0.0,2.0,18.0,4.0,0.0,0.0,0.0,0.0,6.0,3.0,0.0,3.0,4.0,0.217,0.308,0.391,0.699,114,0.174,0.211,21.2%,11.5%,5.8%,0.50,<a href=https://npb.jp/bis/eng/teams/index_db.html>DeNA</a>,CL,"('佐野 恵太', 'DeNA BayStars')"
<a href=https://npb.jp/bis/eng/players/21825155.html>Maegawa Ukyo</a>,2.0,8.0,7.0,0.0,1.0,0.0,0.0,0.0,1.0,0.0,0.0,0.0,0.0,0.0,3.0,0.0,0.0,1.0,0.0,0.143,0.250,0.143,0.393,26,0.000,0.250,37.5%,37.5%,0.0%,0.00,<a href=https://npb.jp/bis/eng/teams/index_t.html>Hanshin</a>,CL,"('前川 右京', 'Hanshin Tigers')"
<a href=https://npb.jp/bis/eng/players/61065131.html>Haraguchi Fumihito</a>,2.0,2.0,2.0,1.0,1.0,0.0,0.0,1.0,4.0,1.0,0.0,0.0,0.0,0.0,0.0,0.0,0.0,0.0,0.0,0.500,0.500,2.000,2.500,660,1.500,0.000,50.0%,0.0%,0.0%,,<a href=https://npb.jp/bis/eng/teams/index_t.html>Hanshin</a>,CL,"('原口 文仁', 'Hanshin Tigers')"
<a href=https://npb.jp/bis/eng/players/71275157.html>Tomosugi Atsuki</a>,3.0,12.0,11.0,0.0,3.0,1.0,0.0,0.0,4.0,1.0,0.0,1.0,1.0,0.0,0.0,0.0,0.0,0.0,0.0,0.273,0.250,0.364,0.614,86,0.091,0.273,0.0%,0.0%,0.0%,,<a href=https://npb.jp/bis/eng/teams/index_m.html>Lotte</a>,PL,"('友杉 篤輝', 'Lotte Marines')"
<a href=https://npb.jp/bis/eng/players/33535157.html>Yoshino Teruki</a>,1.0,1.0,1.0,0.0,0.0,0.0,0.0,0.0,0.0,0.0,0.0,0.0,0.0,0.0,1.0,0.0,0.0,0.0,0.0,0.000,0.000,0.000,0.000,-98,0.000,,100.0%,100.0%,0.0%,0.00,<a href=https://npb.jp/bis/eng/teams/index_db.html>DeNA</a>,CL,"('吉野 光樹', 'DeNA BayStars')"
<a href=https://npb.jp/bis/eng/players/21925136.html>Shuto Ukyo</a>,9.0,35.0,32.0,3.0,8.0,1.0,0.0,0.0,9.0,2.0,2.0,1.0,0.0,1.0,8.0,2.0,0.0,0.0,0.0,0.250,0.286,0.281,0.567,75,0.031,0.320,28.6%,22.9%,5.7%,0.25,<a href=https://npb.jp/bis/eng/teams/index_h.html>SoftBank</a>,PL,"('周東 佑京', 'SoftBank Hawks')"
<a href=https://npb.jp/bis/eng/players/71075153.html>Sakamoto Hayato</a>,6.0,19.0,17.0,2.0,6.0,1.0,0.0,0.0,7.0,0.0,0.0,0.0,0.0,0.0,3.0,2.0,0.0,0.0,0.0,0.353,0.421,0.412,0.833,162,0.059,0.429,26.3%,15.8%,10.5%,0.67,<a href=https://npb.jp/bis/eng/teams/index_g.html>Yomiuri</a>,CL,"('坂本 勇人', 'Yomiuri Giants')"
<a href=https://npb.jp/bis/eng/players/11915132.html>Sakamoto Seishiro</a>,1.0,3.0,2.0,0.0,0.0,0.0,0.0,0.0,0.0,0.0,0.0,0.0,0.0,0.0,1.0,1.0,0.0,0.0,0.0,0.000,0.333,0.000,0.333,12,0.000,0.000,66.7%,33.3%,33.3%,1.00,<a href=https://npb.jp/bis/eng/teams/index_t.html>Hanshin</a>,CL,"('坂本 誠志郎', 'Hanshin Tigers')"
<a href=https://npb.jp/bis/eng/players/51855132.html>Masuda Daiki</a>,4.0,4.0,3.0,1.0,0.0,0.0,0.0,0.0,0.0,0.0,3.0,0.0,0.0,0.0,2.0,1.0,0.0,0.0,0.0,0.000,0.250,0.000,0.250,-16,0.000,0.000,75.0%,50.0%,25.0%,0.50,<a href=https://npb.jp/bis/eng/teams/index_g.html>Yomiuri</a>,CL,"('増田 大輝', 'Yomiuri Giants')"
<a href=https://npb.jp/bis/eng/players/21325136.html>Ohshiro Takumi</a>,3.0,9.0,8.0,0.0,0.0,0.0,0.0,0.0,0.0,0.0,0.0,0.0,0.0,0.0,3.0,1.0,0.0,0.0,2.0,0.000,0.111,0.000,0.111,-64,0.000,0.000,44.4%,33.3%,11.1%,0.33,<a href=https://npb.jp/bis/eng/teams/index_g.html>Yomiuri</a>,CL,"('大城 卓三', 'Yomiuri Giants')"
<a href=https://npb.jp/bis/eng/players/21325134.html>Ohyama Yusuke</a>,2.0,8.0,8.0,1.0,2.0,0.0,0.0,0.0,2.0,0.0,0.0,0.0,0.0,0.0,1.0,0.0,0.0,0.0,0.0,0.250,0.250,0.250,0.500,58,0.000,0.286,12.5%,12.5%,0.0%,0.00,<a href=https://npb.jp/bis/eng/teams/index_t.html>Hanshin</a>,CL,"('大山 悠輔', 'Hanshin Tigers')"
<a href=https://npb.jp/bis/eng/players/01305138.html>Ohnuki Shinichi</a>,3.0,4.0,4.0,0.0,0.0,0.0,0.0,0.0,0.0,0.0,0.0,0.0,0.0,0.0,3.0,0.0,0.0,0.0,1.0,0.000,0.000,0.000,0.000,-98,0.000,0.000,75.0%,75.0%,0.0%,0.00,<a href=https://npb.jp/bis/eng/teams/index_db.html>DeNA</a>,CL,"('大貫 晋一', 'DeNA BayStars')"
<a href=https://npb.jp/bis/eng/players/31435157.html>Narama Taiki</a>,1.0,2.0,2.0,0.0,0.0,0.0,0.0,0.0,0.0,0.0,0.0,0.0,0.0,0.0,2.0,0.0,0.0,0.0,0.0,0.000,0.000,0.000,0.000,-97,0.000,,100.0%,100.0%,0.0%,0.00,<a href=https://npb.jp/bis/eng/teams/index_f.html>Nipponham</a>,PL,"('奈良間 大己', 'Nipponham Fighters')"
<a href=https://npb.jp/bis/eng/players/81885136.html>Yasuda Hisanori</a>,1.0,4.0,4.0,1.0,2.0,0.0,0.0,1.0,5.0,1.0,0.0,0.0,0.0,0.0,1.0,0.0,0.0,0.0,0.0,0.500,0.500,1.250,1.750,416,0.750,0.500,50.0%,25.0%,0.0%,0.00,<a href=https://npb.jp/bis/eng/teams/index_m.html>Lotte</a>,PL,"('安田 尚憲', 'Lotte Marines')"
<a href=https://npb.jp/bis/eng/players/51455137.html>Miyazaki Toshiro</a>,14.0,58.0,54.0,3.0,10.0,6.0,0.0,1.0,19.0,2.0,0.0,0.0,0.0,0.0,11.0,3.0,1.0,1.0,1.0,0.185,0.241,0.352,0.593,80,0.167,0.214,25.9%,19.0%,5.2%,0.27,<a href=https://npb.jp/bis/eng/teams/index_db.html>DeNA</a>,CL,"('宮﨑 敏郎', 'DeNA BayStars')"
<a href=https://npb.jp/bis/eng/players/31535138.html>Obata Ryuhei</a>,2.0,1.0,1.0,0.0,0.0,0.0,0.0,0.0,0.0,0.0,0.0,0.0,0.0,0.0,0.0,0.0,0.0,0.0,0.0,0.000,0.000,0.000,0.000,-103,0.000,0.000,0.0%,0.0%,0.0%,,<a href=https://npb.jp/bis/eng/teams/index_t.html>Hanshin</a>,CL,"('小幡 竜平', 'Hanshin Tigers')"
<a href=https://npb.jp/bis/eng/players/91795139.html>Kobayashi Seiji</a>,2.0,4.0,3.0,0.0,2.0,0.0,0.0,0.0,2.0,0.0,0.0,0.0,0.0,0.0,1.0,1.0,0.0,0.0,0.0,0.667,0.750,0.667,1.417,346,0.000,1.000,50.0%,25.0%,25.0%,1.00,<a href=https://npb.jp/bis/eng/teams/index_g.html>Yomiuri</a>,CL,"('小林 誠司', 'Yomiuri Giants')"
<a href=https://npb.jp/bis/eng/players/21425139.html>Yamakawa Hotaka</a>,9.0,35.0,34.0,7.0,9.0,2.0,0.0,4.0,23.0,9.0,0.0,0.0,0.0,0.0,11.0,1.0,0.0,0.0,1.0,0.265,0.286,0.676,0.962,186,0.412,0.263,45.7%,31.4%,2.9%,0.09,<a href=https://npb.jp/bis/eng/teams/index_h.html>SoftBank</a>,PL,"('山川 穂高', 'SoftBank Hawks')"
<a href=https://npb.jp/bis/eng/players/03305153.html>Yamasaki Iori</a>,1.0,2.0,2.0,0.0,0.0,0.0,0.0,0.0,0.0,0.0,0.0,0.0,0.0,0.0,2.0,0.0,0.0,0.0,0.0,0.000,0.000,0.000,0.000,-101,0.000,,100.0%,100.0%,0.0%,0.00,<a href=https://npb.jp/bis/eng/teams/index_g.html>Yomiuri</a>,CL,"('山﨑 伊織', 'Yomiuri Giants')"
<a href=https://npb.jp/bis/eng/players/11515139.html>Oka Hiromi</a>,3.0,9.0,9.0,0.0,0.0,0.0,0.0,0.0,0.0,0.0,0.0,0.0,0.0,0.0,1.0,0.0,0.0,0.0,0.0,0.000,0.000,0.000,0.000,-98,0.000,0.000,11.1%,11.1%,0.0%,0.00,<a href=https://npb.jp/bis/eng/teams/index_m.html>Lotte</a>,PL,"('岡 大海', 'Lotte Marines')"
<a href=https://npb.jp/bis/eng/players/11515130.html>Okamoto Kazuma</a>,6.0,24.0,18.0,1.0,4.0,0.0,0.0,1.0,7.0,2.0,0.0,0.0,0.0,0.0,4.0,6.0,4.0,0.0,1.0,0.222,0.417,0.389,0.806,154,0.167,0.231,45.8%,16.7%,25.0%,1.50,<a href=https://npb.jp/bis/eng/teams/index_g.html>Yomiuri</a>,CL,"('岡本 和真', 'Yomiuri Giants')"
<a href=https://npb.jp/bis/eng/players/91595136.html>Kishida Yukinori</a>,4.0,12.0,8.0,1.0,0.0,0.0,0.0,0.0,0.0,1.0,1.0,0.0,2.0,0.0,2.0,2.0,0.0,0.0,0.0,0.000,0.167,0.000,0.167,-44,0.000,0.000,33.3%,16.7%,16.7%,1.00,<a href=https://npb.jp/bis/eng/teams/index_g.html>Yomiuri</a>,CL,"('岸田 行倫', 'Yomiuri Giants')"
<a href=https://npb.jp/bis/eng/players/91995136.html>Shimada Kairi</a>,1.0,1.0,0.0,0.0,0.0,0.0,0.0,0.0,0.0,0.0,0.0,0.0,0.0,0.0,0.0,1.0,0.0,0.0,0.0,nan,1.000,nan,nan,nan,nan,,100.0%,0.0%,100.0%,1.00,<a href=https://npb.jp/bis/eng/teams/index_t.html>Hanshin</a>,CL,"('島田 海吏', 'Hanshin Tigers')"
<a href=https://npb.jp/bis/eng/players/71475139.html>Minei Hiroki</a>,2.0,3.0,3.0,0.0,1.0,0.0,0.0,0.0,1.0,0.0,0.0,0.0,0.0,0.0,1.0,0.0,0.0,0.0,0.0,0.333,0.333,0.333,0.667,106,0.000,0.500,33.3%,33.3%,0.0%,0.00,<a href=https://npb.jp/bis/eng/teams/index_h.html>SoftBank</a>,PL,"('嶺井 博希', 'SoftBank Hawks')"
<a href=https://npb.jp/bis/eng/players/11715132.html>Kawase Hikaru</a>,3.0,6.0,6.0,1.0,2.0,0.0,0.0,0.0,2.0,0.0,0.0,0.0,0.0,0.0,1.0,0.0,0.0,0.0,0.0,0.333,0.333,0.333,0.667,106,0.000,0.400,16.7%,16.7%,0.0%,0.00,<a href=https://npb.jp/bis/eng/teams/index_h.html>SoftBank</a>,PL,"('川瀬 晃', 'SoftBank Hawks')"
<a href=https://npb.jp/bis/eng/players/31535132.html>Takeda Aito</a>,2.0,1.0,1.0,0.0,0.0,0.0,0.0,0.0,0.0,0.0,0.0,0.0,0.0,0.0,1.0,0.0,0.0,0.0,0.0,0.000,0.000,0.000,0.000,-98,0.000,,100.0%,100.0%,0.0%,0.00,<a href=https://npb.jp/bis/eng/teams/index_m.html>Lotte</a>,PL,"('愛斗', 'Lotte Marines')"
<a href=https://npb.jp/bis/eng/players/41245132.html>Tobashira Yasutaka</a>,13.0,50.0,48.0,6.0,15.0,3.0,0.0,1.0,21.0,7.0,0.0,0.0,0.0,0.0,8.0,2.0,0.0,0.0,0.0,0.312,0.340,0.438,0.778,137,0.125,0.359,22.0%,16.0%,4.0%,0.25,<a href=https://npb.jp/bis/eng/teams/index_db.html>DeNA</a>,CL,"('戸柱 恭孝', 'DeNA BayStars')"
<a href=https://npb.jp/bis/eng/players/41045138.html>Togo Shosei</a>,2.0,4.0,1.0,0.0,0.0,0.0,0.0,0.0,0.0,1.0,0.0,0.0,3.0,0.0,1.0,0.0,0.0,0.0,0.0,0.000,0.000,0.000,0.000,-101,0.000,,25.0%,25.0%,0.0%,0.00,<a href=https://npb.jp/bis/eng/teams/index_g.html>Yomiuri</a>,CL,"('戸郷 翔征', 'Yomiuri Giants')"
<a href=https://npb.jp/bis/eng/players/41745134.html>Saiki Hiroto</a>,1.0,1.0,1.0,0.0,0.0,0.0,0.0,0.0,0.0,0.0,0.0,0.0,0.0,0.0,0.0,0.0,0.0,0.0,0.0,0.000,0.000,0.000,0.000,-103,0.000,0.000,0.0%,0.0%,0.0%,,<a href=https://npb.jp/bis/eng/teams/index_t.html>Hanshin</a>,CL,"('才木 浩人', 'Hanshin Tigers')"
<a href=https://npb.jp/bis/eng/players/51155130.html>Arihara Kohei</a>,3.0,4.0,4.0,0.0,1.0,0.0,0.0,0.0,1.0,2.0,0.0,0.0,0.0,0.0,1.0,0.0,0.0,0.0,0.0,0.250,0.250,0.250,0.500,55,0.000,0.333,25.0%,25.0%,0.0%,0.00,<a href=https://npb.jp/bis/eng/teams/index_h.html>SoftBank</a>,PL,"('有原 航平', 'SoftBank Hawks')"
<a href=https://npb.jp/bis/eng/players/31735138.html>Kinami Seiya</a>,2.0,6.0,4.0,0.0,1.0,0.0,0.0,0.0,1.0,1.0,0.0,0.0,0.0,0.0,2.0,2.0,0.0,0.0,0.0,0.250,0.500,0.250,0.750,144,0.000,0.500,66.7%,33.3%,33.3%,1.00,<a href=https://npb.jp/bis/eng/teams/index_t.html>Hanshin</a>,CL,"('木浪 聖也', 'Hanshin Tigers')"
<a href=https://npb.jp/bis/eng/players/51155136.html>Azuma Katsuki</a>,2.0,2.0,2.0,0.0,1.0,0.0,0.0,0.0,1.0,0.0,0.0,0.0,0.0,0.0,0.0,0.0,0.0,0.0,0.0,0.500,0.500,0.500,1.000,208,0.000,0.500,0.0%,0.0%,0.0%,,<a href=https://npb.jp/bis/eng/teams/index_db.html>DeNA</a>,CL,"('東 克樹', 'DeNA BayStars')"
<a href=https://npb.jp/bis/eng/players/21825157.html>Matsuo Shion</a>,3.0,4.0,4.0,1.0,2.0,1.0,0.0,0.0,3.0,0.0,0.0,0.0,0.0,0.0,1.0,0.0,0.0,0.0,0.0,0.500,0.500,0.750,1.250,277,0.250,0.667,25.0%,25.0%,0.0%,0.00,<a href=https://npb.jp/bis/eng/teams/index_db.html>DeNA</a>,CL,"('松尾 汐恩', 'DeNA BayStars')"
<a href=https://npb.jp/bis/eng/players/21625135.html>Matsumoto Go</a>,6.0,24.0,20.0,2.0,5.0,0.0,0.0,0.0,5.0,1.0,1.0,2.0,1.0,1.0,2.0,2.0,0.0,0.0,2.0,0.250,0.292,0.250,0.542,68,0.000,0.263,16.7%,8.3%,8.3%,1.00,<a href=https://npb.jp/bis/eng/teams/index_f.html>Nipponham</a>,PL,"('松本 剛', 'Nipponham Fighters')"
<a href=https://npb.jp/bis/eng/players/91695157.html>Hayashi Takuma</a>,6.0,1.0,1.0,1.0,0.0,0.0,0.0,0.0,0.0,0.0,0.0,0.0,0.0,0.0,0.0,0.0,0.0,0.0,0.0,0.000,0.000,0.000,0.000,-98,0.000,0.000,0.0%,0.0%,0.0%,,<a href=https://npb.jp/bis/eng/teams/index_db.html>DeNA</a>,CL,"('林 琢真', 'DeNA BayStars')"
<a href=https://npb.jp/bis/eng/players/31835133.html>Yanagita Yuki</a>,9.0,40.0,37.0,3.0,9.0,1.0,0.0,1.0,13.0,3.0,0.0,1.0,0.0,0.0,10.0,3.0,0.0,0.0,1.0,0.243,0.300,0.351,0.651,100,0.108,0.308,35.0%,25.0%,7.5%,0.30,<a href=https://npb.jp/bis/eng/teams/index_h.html>SoftBank</a>,PL,"('柳田 悠岐', 'SoftBank Hawks')"
<a href=https://npb.jp/bis/eng/players/73175151.html>Yanagimachi Tatsuru</a>,2.0,4.0,4.0,1.0,0.0,0.0,0.0,0.0,0.0,0.0,0.0,0.0,0.0,0.0,2.0,0.0,0.0,0.0,0.0,0.000,0.000,0.000,0.000,-98,0.000,0.000,50.0%,50.0%,0.0%,0.00,<a href=https://npb.jp/bis/eng/teams/index_h.html>SoftBank</a>,PL,"('柳町 達', 'SoftBank Hawks')"
<a href=https://npb.jp/bis/eng/players/41945132.html>Shibata Tatsuhiro</a>,7.0,2.0,1.0,0.0,0.0,0.0,0.0,0.0,0.0,0.0,0.0,0.0,1.0,0.0,1.0,0.0,0.0,0.0,0.0,0.000,0.000,0.000,0.000,-98,0.000,,50.0%,50.0%,0.0%,0.00,<a href=https://npb.jp/bis/eng/teams/index_db.html>DeNA</a>,CL,"('柴田 竜拓', 'DeNA BayStars')"
<a href=https://npb.jp/bis/eng/players/01705130.html>Kurihara Ryoya</a>,9.0,37.0,33.0,3.0,6.0,0.0,0.0,1.0,9.0,2.0,0.0,0.0,1.0,0.0,10.0,3.0,0.0,0.0,2.0,0.182,0.243,0.273,0.516,59,0.091,0.227,37.8%,27.0%,8.1%,0.30,<a href=https://npb.jp/bis/eng/teams/index_h.html>SoftBank</a>,PL,"('栗原 陵矢', 'SoftBank Hawks')"
<a href=https://npb.jp/bis/eng/players/51755135.html>Kuwahara Masayuki</a>,14.0,62.0,54.0,8.0,18.0,5.0,1.0,1.0,28.0,10.0,1.0,1.0,2.0,0.0,4.0,4.0,0.0,2.0,0.0,0.333,0.387,0.519,0.906,175,0.185,0.347,14.5%,6.5%,6.5%,1.00,<a href=https://npb.jp/bis/eng/teams/index_db.html>DeNA</a>,CL,"('桑原 将志', 'DeNA BayStars')"
<a href=https://npb.jp/bis/eng/players/21325139.html>Umeno Ryutaro</a>,2.0,5.0,5.0,0.0,1.0,0.0,0.0,0.0,1.0,0.0,0.0,0.0,0.0,0.0,1.0,0.0,0.0,0.0,0.0,0.200,0.200,0.200,0.400,26,0.000,0.250,20.0%,20.0%,0.0%,0.00,<a href=https://npb.jp/bis/eng/teams/index_t.html>Hanshin</a>,CL,"('梅野 隆太郎', 'Hanshin Tigers')"
<a href=https://npb.jp/bis/eng/players/51555155.html>Kajiwara Kouki</a>,14.0,63.0,62.0,8.0,16.0,2.0,0.0,0.0,18.0,4.0,2.0,1.0,1.0,0.0,16.0,0.0,0.0,0.0,1.0,0.258,0.254,0.290,0.544,68,0.032,0.348,25.4%,25.4%,0.0%,0.00,<a href=https://npb.jp/bis/eng/teams/index_db.html>DeNA</a>,CL,"('梶原 昂希', 'DeNA BayStars')"
<a href=https://npb.jp/bis/eng/players/33135151.html>Mori Keito</a>,14.0,55.0,46.0,10.0,14.0,1.0,1.0,0.0,17.0,4.0,2.0,1.0,2.0,0.0,8.0,6.0,1.0,1.0,0.0,0.304,0.382,0.370,0.751,131,0.065,0.368,25.5%,14.5%,10.9%,0.75,<a href=https://npb.jp/bis/eng/teams/index_db.html>DeNA</a>,CL,"('森 敬斗', 'DeNA BayStars')"
<a href=https://npb.jp/bis/eng/players/43145157.html>Morishita Shota</a>,2.0,9.0,8.0,1.0,5.0,0.0,0.0,1.0,8.0,2.0,0.0,0.0,0.0,0.0,1.0,1.0,0.0,0.0,0.0,0.625,0.667,1.000,1.667,424,0.375,0.667,33.3%,11.1%,11.1%,1.00,<a href=https://npb.jp/bis/eng/teams/index_t.html>Hanshin</a>,CL,"('森下 翔太', 'Hanshin Tigers')"
<a href=https://npb.jp/bis/eng/players/81885155.html>Masaki Tomoya</a>,5.0,17.0,15.0,1.0,2.0,1.0,0.0,0.0,3.0,1.0,0.0,0.0,1.0,0.0,1.0,1.0,0.0,0.0,0.0,0.133,0.176,0.200,0.376,17,0.067,0.143,11.8%,5.9%,5.9%,1.00,<a href=https://npb.jp/bis/eng/teams/index_h.html>SoftBank</a>,PL,"('正木 智也', 'SoftBank Hawks')"
<a href=https://npb.jp/bis/eng/players/31835138.html>Mizutani Shun</a>,4.0,6.0,6.0,0.0,0.0,0.0,0.0,0.0,0.0,0.0,0.0,0.0,0.0,0.0,5.0,0.0,0.0,0.0,0.0,0.000,0.000,0.000,0.000,-97,0.000,0.000,83.3%,83.3%,0.0%,0.00,<a href=https://npb.jp/bis/eng/teams/index_f.html>Nipponham</a>,PL,"('水谷 瞬', 'Nipponham Fighters')"
<a href=https://npb.jp/bis/eng/players/63165155.html>Mizuno Tatsuki</a>,6.0,21.0,20.0,2.0,8.0,1.0,1.0,0.0,11.0,2.0,0.0,0.0,1.0,0.0,8.0,0.0,0.0,0.0,0.0,0.400,0.381,0.550,0.931,181,0.150,0.667,38.1%,38.1%,0.0%,0.00,<a href=https://npb.jp/bis/eng/teams/index_f.html>Nipponham</a>,PL,"('水野 達稀', 'Nipponham Fighters')"
<a href=https://npb.jp/bis/eng/players/91195157.html>Asano Shogo</a>,1.0,4.0,4.0,0.0,0.0,0.0,0.0,0.0,0.0,0.0,0.0,0.0,0.0,0.0,2.0,0.0,0.0,0.0,0.0,0.000,0.000,0.000,0.000,-101,0.000,0.000,50.0%,50.0%,0.0%,0.00,<a href=https://npb.jp/bis/eng/teams/index_g.html>Yomiuri</a>,CL,"('浅野 翔吾', 'Yomiuri Giants')"
<a href=https://npb.jp/bis/eng/players/81385151.html>Umino Takashi</a>,2.0,1.0,1.0,0.0,0.0,0.0,0.0,0.0,0.0,0.0,0.0,0.0,0.0,0.0,1.0,0.0,0.0,0.0,0.0,0.000,0.000,0.000,0.000,-98,0.000,,100.0%,100.0%,0.0%,0.00,<a href=https://npb.jp/bis/eng/teams/index_h.html>SoftBank</a>,PL,"('海野 隆司', 'SoftBank Hawks')"
<a href=https://npb.jp/bis/eng/players/31135130.html>Asama Daiki</a>,5.0,11.0,10.0,0.0,1.0,0.0,0.0,0.0,1.0,1.0,0.0,1.0,0.0,0.0,7.0,1.0,0.0,0.0,0.0,0.100,0.182,0.100,0.282,-10,0.000,0.333,72.7%,63.6%,9.1%,0.14,<a href=https://npb.jp/bis/eng/teams/index_f.html>Nipponham</a>,PL,"('淺間 大基', 'Nipponham Fighters')"
<a href=https://npb.jp/bis/eng/players/41545136.html>Kiyomiya Kotaro</a>,6.0,26.0,25.0,1.0,6.0,1.0,0.0,0.0,7.0,3.0,1.0,0.0,0.0,0.0,3.0,1.0,0.0,0.0,0.0,0.240,0.269,0.280,0.549,69,0.040,0.273,15.4%,11.5%,3.8%,0.33,<a href=https://npb.jp/bis/eng/teams/index_f.html>Nipponham</a>,PL,"('清宮 幸太郎', 'Nipponham Fighters')"
<a href=https://npb.jp/bis/eng/players/61965130.html>Shimizu Yushi</a>,1.0,1.0,1.0,0.0,1.0,0.0,0.0,0.0,1.0,0.0,0.0,0.0,0.0,0.0,0.0,0.0,0.0,0.0,0.0,1.000,1.000,1.000,2.000,508,0.000,1.000,0.0%,0.0%,0.0%,,<a href=https://npb.jp/bis/eng/teams/index_f.html>Nipponham</a>,PL,"('清水 優心', 'Nipponham Fighters')"
<a href=https://npb.jp/bis/eng/players/81685139.html>Watanabe Ryo</a>,2.0,2.0,2.0,0.0,0.0,0.0,0.0,0.0,0.0,0.0,0.0,0.0,0.0,0.0,1.0,0.0,0.0,0.0,0.0,0.000,0.000,0.000,0.000,-103,0.000,0.000,50.0%,50.0%,0.0%,0.00,<a href=https://npb.jp/bis/eng/teams/index_t.html>Hanshin</a>,CL,"('渡邉 諒', 'Hanshin Tigers')"
<a href=https://npb.jp/bis/eng/players/51655134.html>Hamaguchi Haruhiro</a>,3.0,1.0,1.0,0.0,1.0,0.0,0.0,0.0,1.0,0.0,0.0,0.0,0.0,0.0,0.0,0.0,0.0,0.0,0.0,1.000,1.000,1.000,2.000,513,0.000,1.000,0.0%,0.0%,0.0%,,<a href=https://npb.jp/bis/eng/teams/index_db.html>DeNA</a>,CL,"('濵口 遥大', 'DeNA BayStars')"
<a href=https://npb.jp/bis/eng/players/13115153.html>Maki Shugo</a>,14.0,65.0,56.0,6.0,16.0,2.0,0.0,1.0,21.0,7.0,0.0,0.0,0.0,0.0,10.0,7.0,0.0,2.0,1.0,0.286,0.385,0.375,0.760,134,0.089,0.333,27.7%,15.4%,10.8%,0.70,<a href=https://npb.jp/bis/eng/teams/index_db.html>DeNA</a>,CL,"('牧 秀悟', 'DeNA BayStars')"
<a href=https://npb.jp/bis/eng/players/61465133.html>Makihara Taisei</a>,7.0,18.0,15.0,1.0,4.0,1.0,0.0,0.0,5.0,2.0,0.0,0.0,1.0,0.0,0.0,2.0,0.0,0.0,1.0,0.267,0.333,0.333,0.667,106,0.067,0.267,11.1%,0.0%,11.1%,1.00,<a href=https://npb.jp/bis/eng/teams/index_h.html>SoftBank</a>,PL,"('牧原 大成', 'SoftBank Hawks')"
<a href=https://npb.jp/bis/eng/players/51055138.html>Tamiya Yua</a>,4.0,9.0,8.0,1.0,1.0,1.0,0.0,0.0,2.0,0.0,0.0,0.0,0.0,0.0,3.0,1.0,0.0,0.0,1.0,0.125,0.222,0.250,0.472,45,0.125,0.200,44.4%,33.3%,11.1%,0.33,<a href=https://npb.jp/bis/eng/teams/index_f.html>Nipponham</a>,PL,"('田宮 裕涼', 'Nipponham Fighters')"
<a href=https://npb.jp/bis/eng/players/91595133.html>Kai Takuya</a>,8.0,26.0,22.0,0.0,1.0,0.0,0.0,0.0,1.0,1.0,0.0,0.0,1.0,1.0,13.0,2.0,2.0,0.0,0.0,0.045,0.115,0.045,0.161,-47,0.000,0.100,57.7%,50.0%,7.7%,0.15,<a href=https://npb.jp/bis/eng/teams/index_h.html>SoftBank</a>,PL,"('甲斐 拓也', 'SoftBank Hawks')"
<a href=https://npb.jp/bis/eng/players/73375157.html>Yazawa Kota</a>,1.0,3.0,3.0,0.0,1.0,0.0,0.0,0.0,1.0,1.0,0.0,0.0,0.0,0.0,1.0,0.0,0.0,0.0,0.0,0.333,0.333,0.333,0.667,105,0.000,0.500,33.3%,33.3%,0.0%,0.00,<a href=https://npb.jp/bis/eng/teams/index_f.html>Nipponham</a>,PL,"('矢澤 宏太', 'Nipponham Fighters')"
<a href=https://npb.jp/bis/eng/players/91095138.html>Chino Naoto</a>,2.0,1.0,1.0,0.0,0.0,0.0,0.0,0.0,0.0,0.0,0.0,0.0,0.0,0.0,1.0,0.0,0.0,0.0,0.0,0.000,0.000,0.000,0.000,-98,0.000,,100.0%,100.0%,0.0%,0.00,<a href=https://npb.jp/bis/eng/teams/index_db.html>DeNA</a>,CL,"('知野 直人', 'DeNA BayStars')"
<a href=https://npb.jp/bis/eng/players/21125134.html>Ishii Kazunari</a>,2.0,3.0,3.0,1.0,1.0,0.0,0.0,0.0,1.0,0.0,0.0,0.0,0.0,0.0,2.0,0.0,0.0,0.0,0.0,0.333,0.333,0.333,0.667,105,0.000,1.000,66.7%,66.7%,0.0%,0.00,<a href=https://npb.jp/bis/eng/teams/index_f.html>Nipponham</a>,PL,"('石井 一成', 'Nipponham Fighters')"
<a href=https://npb.jp/bis/eng/players/01105135.html>Ishikawa Shingo</a>,1.0,1.0,1.0,0.0,0.0,0.0,0.0,0.0,0.0,0.0,0.0,0.0,0.0,0.0,0.0,0.0,0.0,0.0,0.0,0.000,0.000,0.000,0.000,-98,0.000,0.000,0.0%,0.0%,0.0%,,<a href=https://npb.jp/bis/eng/teams/index_m.html>Lotte</a>,PL,"('石川 慎吾', 'Lotte Marines')"
<a href=https://npb.jp/bis/eng/players/71575136.html>Kamizato Kazuki</a>,8.0,1.0,1.0,1.0,0.0,0.0,0.0,0.0,0.0,0.0,0.0,0.0,0.0,0.0,0.0,0.0,0.0,0.0,0.0,0.000,0.000,0.000,0.000,-98,0.000,0.000,0.0%,0.0%,0.0%,,<a href=https://npb.jp/bis/eng/teams/index_db.html>DeNA</a>,CL,"('神里 和毅', 'DeNA BayStars')"
<a href=https://npb.jp/bis/eng/players/71175153.html>Akihiro Yuto</a>,2.0,2.0,2.0,0.0,0.0,0.0,0.0,0.0,0.0,0.0,0.0,0.0,0.0,0.0,2.0,0.0,0.0,0.0,0.0,0.000,0.000,0.000,0.000,-101,0.000,,100.0%,100.0%,0.0%,0.00,<a href=https://npb.jp/bis/eng/teams/index_g.html>Yomiuri</a>,CL,"('秋広 優人', 'Yomiuri Giants')"
<a href=https://npb.jp/bis/eng/players/81985118.html>Tateoka Soichiro</a>,3.0,4.0,4.0,0.0,0.0,0.0,0.0,0.0,0.0,0.0,0.0,0.0,0.0,0.0,1.0,0.0,0.0,0.0,0.0,0.000,0.000,0.000,0.000,-101,0.000,0.000,25.0%,25.0%,0.0%,0.00,<a href=https://npb.jp/bis/eng/teams/index_g.html>Yomiuri</a>,CL,"('立岡 宗一郎', 'Yomiuri Giants')"
<a href=https://npb.jp/bis/eng/players/91095153.html>Sasagawa Yoshiyasu</a>,3.0,7.0,7.0,0.0,1.0,0.0,0.0,0.0,1.0,0.0,1.0,0.0,0.0,0.0,2.0,0.0,0.0,0.0,0.0,0.143,0.143,0.143,0.286,-11,0.000,0.200,28.6%,28.6%,0.0%,0.00,<a href=https://npb.jp/bis/eng/teams/index_h.html>SoftBank</a>,PL,"('笹川 吉康', 'SoftBank Hawks')"
<a href=https://npb.jp/bis/eng/players/41945131.html>Tsutsugoh Yoshitomo</a>,10.0,28.0,26.0,2.0,7.0,2.0,0.0,1.0,12.0,7.0,0.0,0.0,0.0,1.0,8.0,1.0,0.0,0.0,1.0,0.269,0.286,0.462,0.747,125,0.192,0.333,35.7%,28.6%,3.6%,0.12,<a href=https://npb.jp/bis/eng/teams/index_db.html>DeNA</a>,CL,"('筒香 嘉智', 'DeNA BayStars')"
<a href=https://npb.jp/bis/eng/players/81185134.html>Itohara Kento</a>,2.0,2.0,2.0,0.0,1.0,0.0,0.0,0.0,1.0,0.0,0.0,0.0,0.0,0.0,0.0,0.0,0.0,0.0,0.0,0.500,0.500,0.500,1.000,219,0.000,0.500,0.0%,0.0%,0.0%,,<a href=https://npb.jp/bis/eng/teams/index_t.html>Hanshin</a>,CL,"('糸原 健斗', 'Hanshin Tigers')"
<a href=https://npb.jp/bis/eng/players/81585153.html>Ogata Riku</a>,5.0,1.0,1.0,0.0,0.0,0.0,0.0,0.0,0.0,0.0,0.0,0.0,0.0,0.0,0.0,0.0,0.0,0.0,0.0,0.000,0.000,0.000,0.000,-98,0.000,0.000,0.0%,0.0%,0.0%,,<a href=https://npb.jp/bis/eng/teams/index_h.html>SoftBank</a>,PL,"('緒方 理貢', 'SoftBank Hawks')"
<a href=https://npb.jp/bis/eng/players/71575131.html>Ogino Takashi</a>,2.0,8.0,6.0,0.0,1.0,0.0,0.0,0.0,1.0,1.0,0.0,0.0,0.0,1.0,1.0,1.0,0.0,0.0,1.0,0.167,0.250,0.167,0.417,31,0.000,0.167,25.0%,12.5%,12.5%,1.00,<a href=https://npb.jp/bis/eng/teams/index_m.html>Lotte</a>,PL,"('荻野 貴司', 'Lotte Marines')"
<a href=https://npb.jp/bis/eng/players/41745137.html>Sugano Tomoyuki</a>,2.0,2.0,1.0,0.0,0.0,0.0,0.0,0.0,0.0,0.0,0.0,0.0,1.0,0.0,0.0,0.0,0.0,0.0,0.0,0.000,0.000,0.000,0.000,-101,0.000,0.000,0.0%,0.0%,0.0%,,<a href=https://npb.jp/bis/eng/teams/index_g.html>Yomiuri</a>,CL,"('菅野 智之', 'Yomiuri Giants')"
<a href=https://npb.jp/bis/eng/players/31635138.html>Fujiwara Kyota</a>,3.0,10.0,9.0,0.0,3.0,0.0,0.0,0.0,3.0,0.0,0.0,0.0,1.0,0.0,0.0,0.0,0.0,0.0,0.0,0.333,0.300,0.333,0.633,94,0.000,0.333,0.0%,0.0%,0.0%,,<a href=https://npb.jp/bis/eng/teams/index_m.html>Lotte</a>,PL,"('藤原 恭大', 'Lotte Marines')"
<a href=https://npb.jp/bis/eng/players/41645136.html>Fujioka Yudai</a>,3.0,12.0,11.0,0.0,3.0,0.0,0.0,0.0,3.0,0.0,0.0,0.0,1.0,0.0,2.0,0.0,0.0,0.0,0.0,0.273,0.250,0.273,0.523,60,0.000,0.333,16.7%,16.7%,0.0%,0.00,<a href=https://npb.jp/bis/eng/teams/index_m.html>Lotte</a>,PL,"('藤岡 裕大', 'Lotte Marines')"
<a href=https://npb.jp/bis/eng/players/51555151.html>Ebina Tatsuo</a>,9.0,5.0,4.0,0.0,0.0,0.0,0.0,0.0,0.0,0.0,0.0,0.0,0.0,0.0,2.0,1.0,0.0,0.0,1.0,0.000,0.200,0.000,0.200,-32,0.000,0.000,60.0%,40.0%,20.0%,0.50,<a href=https://npb.jp/bis/eng/teams/index_db.html>DeNA</a>,CL,"('蝦名 達夫', 'DeNA BayStars')"
<a href=https://npb.jp/bis/eng/players/41545114.html>Kakunaka Katsuya</a>,2.0,6.0,4.0,1.0,1.0,0.0,0.0,1.0,4.0,1.0,0.0,0.0,0.0,0.0,0.0,2.0,0.0,0.0,0.0,0.250,0.500,1.000,1.500,346,0.750,0.000,50.0%,0.0%,33.3%,1.00,<a href=https://npb.jp/bis/eng/teams/index_m.html>Lotte</a>,PL,"('角中 勝也', 'Lotte Marines')"
<a href=https://npb.jp/bis/eng/players/71075138.html>Chikamoto Koji</a>,2.0,9.0,9.0,1.0,1.0,0.0,0.0,0.0,1.0,0.0,0.0,0.0,0.0,0.0,3.0,0.0,0.0,0.0,0.0,0.111,0.111,0.111,0.222,-32,0.000,0.167,33.3%,33.3%,0.0%,0.00,<a href=https://npb.jp/bis/eng/teams/index_t.html>Hanshin</a>,CL,"('近本 光司', 'Hanshin Tigers')"
<a href=https://npb.jp/bis/eng/players/41745135.html>Kondoh Kensuke</a>,8.0,28.0,24.0,3.0,11.0,4.0,0.0,1.0,18.0,4.0,0.0,0.0,0.0,0.0,6.0,3.0,1.0,1.0,0.0,0.458,0.536,0.750,1.286,289,0.292,0.588,35.7%,21.4%,10.7%,0.50,<a href=https://npb.jp/bis/eng/teams/index_h.html>SoftBank</a>,PL,"('近藤 健介', 'SoftBank Hawks')"
<a href=https://npb.jp/bis/eng/players/21925151.html>Gunji Yuya</a>,6.0,18.0,16.0,1.0,0.0,0.0,0.0,0.0,0.0,0.0,0.0,0.0,0.0,0.0,2.0,2.0,0.0,0.0,2.0,0.000,0.111,0.000,0.111,-61,0.000,0.000,22.2%,11.1%,11.1%,1.00,<a href=https://npb.jp/bis/eng/teams/index_f.html>Nipponham</a>,PL,"('郡司 裕也', 'Nipponham Fighters')"
<a href=https://npb.jp/bis/eng/players/91995131.html>Chono Hisayoshi</a>,3.0,8.0,7.0,1.0,1.0,0.0,0.0,0.0,1.0,1.0,0.0,0.0,0.0,0.0,1.0,1.0,0.0,0.0,1.0,0.143,0.250,0.143,0.393,25,0.000,0.167,25.0%,12.5%,12.5%,1.00,<a href=https://npb.jp/bis/eng/teams/index_g.html>Yomiuri</a>,CL,"('長野 久義', 'Yomiuri Giants')"
<a href=https://npb.jp/bis/eng/players/11515157.html>Kadowaki Makoto</a>,6.0,23.0,17.0,1.0,4.0,1.0,0.0,0.0,5.0,0.0,1.0,0.0,1.0,0.0,2.0,5.0,1.0,0.0,0.0,0.235,0.391,0.294,0.685,117,0.059,0.267,30.4%,8.7%,21.7%,2.50,<a href=https://npb.jp/bis/eng/teams/index_g.html>Yomiuri</a>,CL,"('門脇 誠', 'Yomiuri Giants')"
<a href=https://npb.jp/bis/eng/players/91095136.html>Takahashi Haruto</a>,1.0,1.0,1.0,0.0,0.0,0.0,0.0,0.0,0.0,0.0,0.0,0.0,0.0,0.0,1.0,0.0,0.0,0.0,0.0,0.000,0.000,0.000,0.000,-103,0.000,,100.0%,100.0%,0.0%,0.00,<a href=https://npb.jp/bis/eng/teams/index_t.html>Hanshin</a>,CL,"('髙橋 遥人', 'Hanshin Tigers')"
