Pitcher,G,W,L,SV,CG,SHO,BF,IP,H,HR,SO,BB,IBB,HB,WP,R,ER,ERA,FIP,kwERA,WHIP,ERA+,FIP-,kwERA-,Diff,HR%,K%,BB%,K-BB%,Team,League,keys
<a href=https://npb.jp/bis/eng/players/13715157.html>Wendelken J.B.</a>,5.0,0.0,0.0,0.0,0.0,0.0,17.0,4.2,3.0,0.0,3.0,1.0,0.0,0.0,1.0,1.0,1.0,1.93,2.45,3.62,0.86,148,72,111,-0.52,0.0%,17.6%,5.9%,11.7%,<a href=https://npb.jp/bis/eng/teams/index_db.html>DeNA</a>,CL,"('ウェンデルケン', 'DeNA BayStars')"
<a href=https://npb.jp/bis/eng/players/13415155.html>Osuna Roberto</a>,5.0,0.0,0.0,3.0,0.0,0.0,22.0,5.0,6.0,0.0,4.0,0.0,0.0,0.0,0.0,3.0,2.0,3.60,1.49,2.98,1.20,79,44,91,2.11,0.0%,18.2%,0.0%,18.2%,<a href=https://npb.jp/bis/eng/teams/index_h.html>SoftBank</a>,PL,"('オスナ', 'SoftBank Hawks')"
<a href=https://npb.jp/bis/eng/players/03705157.html>Griffin Foster</a>,1.0,0.0,0.0,0.0,0.0,0.0,18.0,4.0,3.0,1.0,4.0,2.0,0.0,1.0,0.0,1.0,1.0,2.25,6.59,3.69,1.25,123,199,113,-4.34,5.6%,22.2%,11.1%,11.1%,<a href=https://npb.jp/bis/eng/teams/index_g.html>Yomiuri</a>,CL,"('グリフィン', 'Yomiuri Giants')"
<a href=https://npb.jp/bis/eng/players/13715159.html>Kay Anthony</a>,3.0,2.0,0.0,0.0,0.0,0.0,66.0,16.1,7.0,0.0,16.0,9.0,1.0,0.0,0.0,2.0,1.0,0.55,2.78,3.74,0.98,517,81,114,-2.23,0.0%,24.2%,13.6%,10.6%,<a href=https://npb.jp/bis/eng/teams/index_db.html>DeNA</a>,CL,"('ケイ', 'DeNA BayStars')"
<a href=https://npb.jp/bis/eng/players/73975155.html>Keller Kyle</a>,4.0,1.0,0.0,0.0,0.0,0.0,13.0,3.2,1.0,0.0,4.0,2.0,0.0,0.0,0.0,0.0,0.0,0.00,2.54,3.26,0.82,999,77,100,-2.54,0.0%,30.8%,15.4%,15.4%,<a href=https://npb.jp/bis/eng/teams/index_g.html>Yomiuri</a>,CL,"('ケラー', 'Yomiuri Giants')"
<a href=https://npb.jp/bis/eng/players/43745159.html>Jackson Andre</a>,4.0,2.0,2.0,0.0,0.0,0.0,99.0,23.2,16.0,1.0,29.0,12.0,1.0,1.0,1.0,7.0,6.0,2.28,2.83,3.08,1.18,125,83,94,-0.55,1.0%,29.3%,12.1%,17.2%,<a href=https://npb.jp/bis/eng/teams/index_db.html>DeNA</a>,CL,"('ジャクソン', 'DeNA BayStars')"
<a href=https://npb.jp/bis/eng/players/53755138.html>Stewart Jr. Carter</a>,3.0,1.0,0.0,0.0,0.0,0.0,45.0,9.1,10.0,1.0,7.0,6.0,0.0,0.0,0.0,8.0,8.0,7.71,4.91,4.58,1.71,37,144,140,2.80,2.2%,15.6%,13.3%,2.3%,<a href=https://npb.jp/bis/eng/teams/index_h.html>SoftBank</a>,PL,"('スチュワート・ジュニア', 'SoftBank Hawks')"
<a href=https://npb.jp/bis/eng/players/23225157.html>Baldonado Alberto</a>,4.0,0.0,0.0,0.0,0.0,0.0,15.0,3.2,4.0,0.0,4.0,2.0,0.0,0.0,0.0,0.0,0.0,0.00,2.54,3.47,1.64,999,77,106,-2.54,0.0%,26.7%,13.3%,13.4%,<a href=https://npb.jp/bis/eng/teams/index_g.html>Yomiuri</a>,CL,"('バルドナード', 'Yomiuri Giants')"
<a href=https://npb.jp/bis/eng/players/33735151.html>VerHagen Drew</a>,1.0,0.0,0.0,0.0,0.0,0.0,7.0,2.0,1.0,0.0,2.0,0.0,0.0,0.0,0.0,0.0,0.0,0.00,1.09,1.94,0.50,999,32,59,-1.09,0.0%,28.6%,0.0%,28.6%,<a href=https://npb.jp/bis/eng/teams/index_f.html>Nipponham</a>,PL,"('バーヘイゲン', 'Nipponham Fighters')"
<a href=https://npb.jp/bis/eng/players/33435157.html>Hernandez Darwinzon</a>,6.0,0.0,0.0,0.0,0.0,0.0,21.0,6.0,3.0,0.0,10.0,0.0,0.0,1.0,0.0,0.0,0.0,0.00,0.25,0.04,0.50,999,7,1,-0.25,0.0%,47.6%,0.0%,47.6%,<a href=https://npb.jp/bis/eng/teams/index_h.html>SoftBank</a>,PL,"('ヘルナンデス', 'SoftBank Hawks')"
<a href=https://npb.jp/bis/eng/players/63965134.html>Moinelo Livan</a>,2.0,2.0,0.0,0.0,0.0,0.0,56.0,12.2,16.0,0.0,10.0,2.0,0.0,1.0,0.0,5.0,5.0,3.55,2.22,3.37,1.42,80,65,103,1.33,0.0%,17.9%,3.6%,14.3%,<a href=https://npb.jp/bis/eng/teams/index_h.html>SoftBank</a>,PL,"('モイネロ', 'SoftBank Hawks')"
<a href=https://npb.jp/bis/eng/players/81585138.html>Kamichatani Taiga</a>,1.0,0.0,0.0,0.0,0.0,0.0,5.0,1.0,2.0,1.0,1.0,0.0,0.0,0.0,0.0,1.0,1.0,9.00,14.09,2.80,2.00,32,412,86,-5.09,20.0%,20.0%,0.0%,20.0%,<a href=https://npb.jp/bis/eng/teams/index_db.html>DeNA</a>,CL,"('上茶谷 大河', 'DeNA BayStars')"
<a href=https://npb.jp/bis/eng/players/21425153.html>Nakagawa Hayate</a>,6.0,0.0,0.0,0.0,0.0,0.0,22.0,6.1,2.0,0.0,7.0,0.0,0.0,0.0,0.0,0.0,0.0,0.00,0.88,1.62,0.32,999,26,50,-0.88,0.0%,31.8%,0.0%,31.8%,<a href=https://npb.jp/bis/eng/teams/index_db.html>DeNA</a>,CL,"('中川 颯', 'DeNA BayStars')"
<a href=https://npb.jp/bis/eng/players/51355151.html>Inoue Haruto</a>,1.0,0.0,0.0,0.0,0.0,0.0,19.0,6.0,1.0,1.0,6.0,0.0,0.0,0.0,0.0,1.0,1.0,1.50,3.25,1.64,0.17,184,98,50,-1.75,5.3%,31.6%,0.0%,31.6%,<a href=https://npb.jp/bis/eng/teams/index_g.html>Yomiuri</a>,CL,"('井上 温大', 'Yomiuri Giants')"
<a href=https://npb.jp/bis/eng/players/41145151.html>Ise Hiromu</a>,9.0,1.0,0.0,1.0,0.0,0.0,38.0,10.0,5.0,0.0,10.0,3.0,1.0,0.0,0.0,0.0,0.0,0.00,1.99,2.96,0.80,999,58,91,-1.99,0.0%,26.3%,7.9%,18.4%,<a href=https://npb.jp/bis/eng/teams/index_db.html>DeNA</a>,CL,"('伊勢 大夢', 'DeNA BayStars')"
<a href=https://npb.jp/bis/eng/players/51355153.html>Itoh Hiromi</a>,1.0,0.0,1.0,0.0,0.0,0.0,26.0,5.2,10.0,2.0,9.0,0.0,0.0,0.0,0.0,4.0,4.0,6.35,4.50,1.34,1.76,45,130,41,1.85,7.7%,34.6%,0.0%,34.6%,<a href=https://npb.jp/bis/eng/teams/index_f.html>Nipponham</a>,PL,"('伊藤 大海', 'Nipponham Fighters')"
<a href=https://npb.jp/bis/eng/players/71975134.html>Sasaki Chihaya</a>,4.0,1.0,0.0,0.0,0.0,0.0,12.0,3.2,1.0,0.0,0.0,1.0,0.0,0.0,0.0,0.0,0.0,0.00,3.91,5.63,0.55,999,114,172,-3.91,0.0%,0.0%,8.3%,-8.3%,<a href=https://npb.jp/bis/eng/teams/index_db.html>DeNA</a>,CL,"('佐々木 千隼', 'DeNA BayStars')"
<a href=https://npb.jp/bis/eng/players/31035151.html>Sasaki Roki</a>,1.0,1.0,0.0,0.0,0.0,0.0,28.0,8.0,5.0,0.0,9.0,2.0,0.0,0.0,0.0,0.0,0.0,0.00,1.59,2.30,0.88,999,46,70,-1.59,0.0%,32.1%,7.1%,25.0%,<a href=https://npb.jp/bis/eng/teams/index_m.html>Lotte</a>,PL,"('佐々木 朗希', 'Lotte Marines')"
<a href=https://npb.jp/bis/eng/players/71875157.html>Maeda Jun</a>,2.0,0.0,0.0,0.0,0.0,0.0,13.0,3.0,3.0,1.0,4.0,0.0,0.0,1.0,0.0,3.0,3.0,9.00,5.75,1.72,1.00,32,168,53,3.25,7.7%,30.8%,0.0%,30.8%,<a href=https://npb.jp/bis/eng/teams/index_h.html>SoftBank</a>,PL,"('前田 純', 'SoftBank Hawks')"
<a href=https://npb.jp/bis/eng/players/41545132.html>Katoh Takayuki</a>,2.0,0.0,2.0,0.0,0.0,0.0,33.0,8.0,12.0,3.0,4.0,0.0,0.0,0.0,0.0,6.0,6.0,6.75,6.96,3.59,1.50,43,202,110,-0.21,9.1%,12.1%,0.0%,12.1%,<a href=https://npb.jp/bis/eng/teams/index_f.html>Nipponham</a>,PL,"('加藤 貴之', 'Nipponham Fighters')"
<a href=https://npb.jp/bis/eng/players/51755155.html>Kitayama Koki</a>,1.0,0.0,0.0,0.0,0.0,0.0,21.0,4.2,5.0,0.0,4.0,2.0,0.0,0.0,0.0,2.0,2.0,3.86,2.66,3.85,1.50,75,77,118,1.20,0.0%,19.0%,9.5%,9.5%,<a href=https://npb.jp/bis/eng/teams/index_f.html>Nipponham</a>,PL,"('北山 亘基', 'Nipponham Fighters')"
<a href=https://npb.jp/bis/eng/players/33535157.html>Yoshino Teruki</a>,1.0,0.0,0.0,0.0,0.0,0.0,14.0,3.0,4.0,1.0,3.0,3.0,2.0,0.0,0.0,1.0,1.0,3.00,8.42,4.80,2.33,95,246,147,-5.42,7.1%,21.4%,21.4%,0.0%,<a href=https://npb.jp/bis/eng/teams/index_db.html>DeNA</a>,CL,"('吉野 光樹', 'DeNA BayStars')"
<a href=https://npb.jp/bis/eng/players/11015151.html>Sakamoto Yuya</a>,10.0,1.0,0.0,0.0,0.0,0.0,29.0,8.2,3.0,0.0,8.0,1.0,1.0,0.0,0.0,0.0,0.0,0.00,1.59,2.39,0.46,999,47,73,-1.59,0.0%,27.6%,3.4%,24.2%,<a href=https://npb.jp/bis/eng/teams/index_db.html>DeNA</a>,CL,"('坂本 裕哉', 'DeNA BayStars')"
<a href=https://npb.jp/bis/eng/players/71875134.html>Horioka Hayato</a>,4.0,0.0,0.0,0.0,0.0,0.0,17.0,4.0,5.0,0.0,3.0,1.0,0.0,0.0,0.0,3.0,2.0,4.50,2.34,3.62,1.50,63,68,111,2.16,0.0%,17.6%,5.9%,11.7%,<a href=https://npb.jp/bis/eng/teams/index_db.html>DeNA</a>,CL,"('堀岡 隼人', 'DeNA BayStars')"
<a href=https://npb.jp/bis/eng/players/81085155.html>Ota Taisei</a>,3.0,0.0,0.0,2.0,0.0,0.0,15.0,3.0,2.0,0.0,7.0,2.0,0.0,2.0,0.0,0.0,0.0,0.00,2.42,1.47,1.33,999,73,45,-2.42,0.0%,46.7%,13.3%,33.4%,<a href=https://npb.jp/bis/eng/teams/index_g.html>Yomiuri</a>,CL,"('大勢', 'Yomiuri Giants')"
<a href=https://npb.jp/bis/eng/players/01305157.html>Ohtsu Ryosuke</a>,1.0,0.0,1.0,0.0,0.0,0.0,5.0,0.1,2.0,1.0,0.0,2.0,0.0,0.0,0.0,2.0,2.0,54.00,60.09,8.80,12.00,5,1758,269,-6.09,20.0%,0.0%,40.0%,-40.0%,<a href=https://npb.jp/bis/eng/teams/index_h.html>SoftBank</a>,PL,"('大津 亮介', 'SoftBank Hawks')"
<a href=https://npb.jp/bis/eng/players/01305138.html>Ohnuki Shinichi</a>,3.0,1.0,1.0,0.0,0.0,0.0,57.0,13.0,17.0,2.0,14.0,3.0,0.0,0.0,0.0,8.0,7.0,4.85,3.63,2.87,1.54,59,106,88,1.22,3.5%,24.6%,5.3%,19.3%,<a href=https://npb.jp/bis/eng/teams/index_db.html>DeNA</a>,CL,"('大貫 晋一', 'DeNA BayStars')"
<a href=https://npb.jp/bis/eng/players/01505151.html>Ohzeki Tomohisa</a>,1.0,0.0,1.0,0.0,0.0,0.0,16.0,2.2,4.0,0.0,2.0,3.0,0.0,1.0,0.0,1.0,1.0,3.38,6.09,5.42,2.63,84,178,166,-2.71,0.0%,12.5%,18.8%,-6.3%,<a href=https://npb.jp/bis/eng/teams/index_h.html>SoftBank</a>,PL,"('大関 友久', 'SoftBank Hawks')"
<a href=https://npb.jp/bis/eng/players/41445116.html>Miyanishi Naoki</a>,3.0,0.0,0.0,1.0,0.0,0.0,8.0,2.1,1.0,1.0,1.0,0.0,0.0,0.0,0.0,1.0,1.0,3.86,7.80,3.55,0.43,75,226,109,-3.94,12.5%,12.5%,0.0%,12.5%,<a href=https://npb.jp/bis/eng/teams/index_f.html>Nipponham</a>,PL,"('宮西 尚生', 'Nipponham Fighters')"
<a href=https://npb.jp/bis/eng/players/51255157.html>Tomida Ren</a>,1.0,0.0,0.0,0.0,0.0,0.0,1.0,0.0,1.0,1.0,0.0,0.0,0.0,0.0,0.0,1.0,1.0,,,4.80,,0,,147,,100.0%,0.0%,0.0%,0.0%,<a href=https://npb.jp/bis/eng/teams/index_t.html>Hanshin</a>,CL,"('富田 蓮', 'Hanshin Tigers')"
<a href=https://npb.jp/bis/eng/players/11515138.html>Ojima Kazuya</a>,1.0,0.0,0.0,0.0,0.0,0.0,24.0,6.1,5.0,0.0,4.0,2.0,0.0,0.0,0.0,1.0,1.0,1.42,2.77,3.97,1.11,201,81,121,-1.35,0.0%,16.7%,8.3%,8.4%,<a href=https://npb.jp/bis/eng/teams/index_m.html>Lotte</a>,PL,"('小島 和哉', 'Lotte Marines')"
<a href=https://npb.jp/bis/eng/players/61365136.html>Ogata Shuto</a>,5.0,0.0,0.0,0.0,0.0,0.0,20.0,4.0,7.0,1.0,6.0,1.0,0.0,0.0,0.0,4.0,4.0,9.00,4.09,2.30,2.00,32,120,70,4.91,5.0%,30.0%,5.0%,25.0%,<a href=https://npb.jp/bis/eng/teams/index_h.html>SoftBank</a>,PL,"('尾形 崇斗', 'SoftBank Hawks')"
<a href=https://npb.jp/bis/eng/players/03105136.html>Yamamoto Takumi</a>,1.0,0.0,0.0,0.0,0.0,0.0,2.0,0.2,0.0,0.0,0.0,0.0,0.0,0.0,0.0,0.0,0.0,0.00,3.09,4.80,0.00,999,90,147,-3.09,0.0%,0.0%,0.0%,0.0%,<a href=https://npb.jp/bis/eng/teams/index_f.html>Nipponham</a>,PL,"('山本 拓実', 'Nipponham Fighters')"
<a href=https://npb.jp/bis/eng/players/03305153.html>Yamasaki Iori</a>,1.0,1.0,0.0,0.0,0.0,0.0,24.0,6.1,6.0,0.0,5.0,0.0,0.0,0.0,0.0,0.0,0.0,0.00,1.51,2.72,0.95,999,46,83,-1.51,0.0%,20.8%,0.0%,20.8%,<a href=https://npb.jp/bis/eng/teams/index_g.html>Yomiuri</a>,CL,"('山﨑 伊織', 'Yomiuri Giants')"
<a href=https://npb.jp/bis/eng/players/41845130.html>Yamasaki Yasuaki</a>,5.0,1.0,1.0,0.0,0.0,0.0,24.0,5.2,4.0,1.0,8.0,3.0,2.0,0.0,0.0,1.0,1.0,1.59,4.15,2.72,1.24,179,121,83,-2.56,4.2%,33.3%,12.5%,20.8%,<a href=https://npb.jp/bis/eng/teams/index_db.html>DeNA</a>,CL,"('山﨑 康晃', 'DeNA BayStars')"
<a href=https://npb.jp/bis/eng/players/21825130.html>Yamasaki Sachiya</a>,2.0,1.0,1.0,0.0,0.0,0.0,29.0,6.2,5.0,0.0,2.0,3.0,0.0,0.0,0.0,3.0,2.0,2.70,3.84,5.14,1.20,106,111,157,-1.14,0.0%,6.9%,10.3%,-3.4%,<a href=https://npb.jp/bis/eng/teams/index_f.html>Nipponham</a>,PL,"('山﨑 福也', 'Nipponham Fighters')"
<a href=https://npb.jp/bis/eng/players/11515155.html>Okadome Hidetaka</a>,2.0,0.0,0.0,0.0,0.0,0.0,9.0,2.0,2.0,0.0,0.0,0.0,0.0,1.0,0.0,2.0,2.0,9.00,4.59,4.80,1.00,30,141,147,4.41,0.0%,0.0%,0.0%,0.0%,<a href=https://npb.jp/bis/eng/teams/index_t.html>Hanshin</a>,CL,"('岡留 英貴', 'Hanshin Tigers')"
<a href=https://npb.jp/bis/eng/players/51355159.html>Iwai Shunsuke</a>,3.0,0.0,0.0,0.0,0.0,0.0,12.0,2.0,4.0,0.0,1.0,2.0,0.0,1.0,0.0,2.0,2.0,9.00,6.59,5.63,3.00,32,193,172,2.41,0.0%,8.3%,16.7%,-8.4%,<a href=https://npb.jp/bis/eng/teams/index_h.html>SoftBank</a>,PL,"('岩井 俊介', 'SoftBank Hawks')"
<a href=https://npb.jp/bis/eng/players/51055133.html>Shimamoto Hiroya</a>,2.0,0.0,0.0,0.0,0.0,0.0,9.0,2.0,2.0,0.0,1.0,2.0,0.0,0.0,0.0,0.0,0.0,0.00,5.09,5.91,2.00,999,157,181,-5.09,0.0%,11.1%,22.2%,-11.1%,<a href=https://npb.jp/bis/eng/teams/index_t.html>Hanshin</a>,CL,"('島本 浩也', 'Hanshin Tigers')"
<a href=https://npb.jp/bis/eng/players/41045138.html>Togo Shosei</a>,2.0,0.0,1.0,0.0,0.0,0.0,46.0,11.0,12.0,1.0,6.0,1.0,0.0,0.0,0.0,4.0,4.0,3.27,3.45,3.71,1.18,84,104,113,-0.18,2.2%,13.0%,2.2%,10.8%,<a href=https://npb.jp/bis/eng/teams/index_g.html>Yomiuri</a>,CL,"('戸郷 翔征', 'Yomiuri Giants')"
<a href=https://npb.jp/bis/eng/players/41745134.html>Saiki Hiroto</a>,1.0,0.0,1.0,0.0,0.0,0.0,24.0,5.0,7.0,0.0,2.0,3.0,2.0,0.0,0.0,1.0,1.0,1.80,4.09,5.22,2.00,150,126,160,-2.29,0.0%,8.3%,12.5%,-4.2%,<a href=https://npb.jp/bis/eng/teams/index_t.html>Hanshin</a>,CL,"('才木 浩人', 'Hanshin Tigers')"
<a href=https://npb.jp/bis/eng/players/51155130.html>Arihara Kohei</a>,3.0,2.0,1.0,0.0,0.0,0.0,71.0,17.0,16.0,2.0,16.0,6.0,0.0,1.0,0.0,6.0,6.0,3.18,3.97,3.39,1.29,90,116,104,-0.79,2.8%,22.5%,8.5%,14.0%,<a href=https://npb.jp/bis/eng/teams/index_h.html>SoftBank</a>,PL,"('有原 航平', 'SoftBank Hawks')"
<a href=https://npb.jp/bis/eng/players/41545157.html>Kimura Hikaru</a>,2.0,0.0,0.0,0.0,0.0,0.0,6.0,1.1,2.0,0.0,1.0,0.0,0.0,0.0,0.0,0.0,0.0,0.00,1.59,3.13,1.50,999,47,96,-1.59,0.0%,16.7%,0.0%,16.7%,<a href=https://npb.jp/bis/eng/teams/index_h.html>SoftBank</a>,PL,"('木村 光', 'SoftBank Hawks')"
<a href=https://npb.jp/bis/eng/players/91995138.html>Sugiyama Kazuki</a>,5.0,0.0,0.0,0.0,0.0,0.0,22.0,6.0,3.0,0.0,4.0,1.0,0.0,0.0,0.0,1.0,1.0,1.50,2.25,3.44,0.67,190,66,105,-0.75,0.0%,18.2%,4.5%,13.7%,<a href=https://npb.jp/bis/eng/teams/index_h.html>SoftBank</a>,PL,"('杉山 一樹', 'SoftBank Hawks')"
<a href=https://npb.jp/bis/eng/players/61765139.html>Sugiura Toshihiro</a>,1.0,0.0,0.0,0.0,0.0,0.0,5.0,1.1,1.0,1.0,1.0,0.0,0.0,0.0,0.0,1.0,1.0,6.75,11.34,2.80,0.75,43,329,86,-4.59,20.0%,20.0%,0.0%,20.0%,<a href=https://npb.jp/bis/eng/teams/index_f.html>Nipponham</a>,PL,"('杉浦 稔大', 'Nipponham Fighters')"
<a href=https://npb.jp/bis/eng/players/13315153.html>Murakami Shoki</a>,1.0,0.0,0.0,0.0,0.0,0.0,6.0,1.0,3.0,1.0,0.0,0.0,0.0,0.0,0.0,3.0,3.0,27.00,16.09,4.80,3.00,10,495,147,10.91,16.7%,0.0%,0.0%,0.0%,<a href=https://npb.jp/bis/eng/teams/index_t.html>Hanshin</a>,CL,"('村上 頌樹', 'Hanshin Tigers')"
<a href=https://npb.jp/bis/eng/players/51155136.html>Azuma Katsuki</a>,2.0,1.0,0.0,0.0,0.0,0.0,46.0,11.0,13.0,0.0,7.0,0.0,0.0,1.0,0.0,1.0,1.0,0.82,2.09,3.28,1.18,348,61,100,-1.27,0.0%,15.2%,0.0%,15.2%,<a href=https://npb.jp/bis/eng/teams/index_db.html>DeNA</a>,CL,"('東 克樹', 'DeNA BayStars')"
<a href=https://npb.jp/bis/eng/players/41845157.html>Matsumoto Haru</a>,2.0,0.0,0.0,0.0,0.0,0.0,6.0,1.1,2.0,0.0,1.0,0.0,0.0,0.0,0.0,0.0,0.0,0.00,1.59,3.13,1.50,999,47,96,-1.59,0.0%,16.7%,0.0%,16.7%,<a href=https://npb.jp/bis/eng/teams/index_h.html>SoftBank</a>,PL,"('松本 晴', 'SoftBank Hawks')"
<a href=https://npb.jp/bis/eng/players/63365155.html>Yanagawa Taisei</a>,2.0,0.0,0.0,0.0,0.0,0.0,8.0,1.1,2.0,0.0,1.0,2.0,0.0,0.0,0.0,1.0,1.0,6.75,6.09,6.05,3.00,43,176,185,0.66,0.0%,12.5%,25.0%,-12.5%,<a href=https://npb.jp/bis/eng/teams/index_f.html>Nipponham</a>,PL,"('柳川 大晟', 'Nipponham Fighters')"
<a href=https://npb.jp/bis/eng/players/01705155.html>Kirishiki Takuma</a>,1.0,0.0,0.0,0.0,0.0,0.0,6.0,1.1,2.0,0.0,1.0,0.0,0.0,0.0,0.0,2.0,2.0,13.50,1.59,3.13,1.50,20,49,96,11.91,0.0%,16.7%,0.0%,16.7%,<a href=https://npb.jp/bis/eng/teams/index_t.html>Hanshin</a>,CL,"('桐敷 拓馬', 'Hanshin Tigers')"
<a href=https://npb.jp/bis/eng/players/93195134.html>Morihara Kohei</a>,6.0,0.0,0.0,5.0,0.0,0.0,22.0,6.0,3.0,0.0,6.0,1.0,0.0,0.0,0.0,1.0,1.0,1.50,1.59,2.53,0.67,190,47,77,-0.09,0.0%,27.3%,4.5%,22.8%,<a href=https://npb.jp/bis/eng/teams/index_db.html>DeNA</a>,CL,"('森原 康平', 'DeNA BayStars')"
<a href=https://npb.jp/bis/eng/players/23125151.html>Yokoyama Rikuto</a>,2.0,0.0,0.0,0.0,0.0,0.0,6.0,1.1,2.0,0.0,3.0,0.0,0.0,0.0,1.0,1.0,0.0,0.00,-1.41,-0.20,1.50,999,-41,-6,1.41,0.0%,50.0%,0.0%,50.0%,<a href=https://npb.jp/bis/eng/teams/index_m.html>Lotte</a>,PL,"('横山 陸人', 'Lotte Marines')"
<a href=https://npb.jp/bis/eng/players/81885138.html>Yokogawa Kai</a>,1.0,0.0,0.0,0.0,0.0,0.0,4.0,1.0,0.0,0.0,2.0,1.0,0.0,0.0,0.0,0.0,0.0,0.00,2.09,2.30,1.00,999,63,70,-2.09,0.0%,50.0%,25.0%,25.0%,<a href=https://npb.jp/bis/eng/teams/index_g.html>Yomiuri</a>,CL,"('横川 凱', 'Yomiuri Giants')"
<a href=https://npb.jp/bis/eng/players/01105134.html>Ikeda Takahide</a>,2.0,0.0,0.0,0.0,0.0,0.0,6.0,1.2,0.0,0.0,1.0,0.0,0.0,1.0,0.0,0.0,0.0,0.00,3.69,3.13,0.00,999,107,96,-3.69,0.0%,16.7%,0.0%,16.7%,<a href=https://npb.jp/bis/eng/teams/index_f.html>Nipponham</a>,PL,"('池田 隆英', 'Nipponham Fighters')"
<a href=https://npb.jp/bis/eng/players/81785151.html>Kawano Ryusei</a>,3.0,1.0,0.0,0.0,0.0,0.0,7.0,1.2,2.0,0.0,2.0,0.0,0.0,0.0,0.0,0.0,0.0,0.00,0.69,1.94,1.20,999,20,59,-0.69,0.0%,28.6%,0.0%,28.6%,<a href=https://npb.jp/bis/eng/teams/index_f.html>Nipponham</a>,PL,"('河野 竜生', 'Nipponham Fighters')"
<a href=https://npb.jp/bis/eng/players/81285151.html>Tsumori Yuki</a>,2.0,0.0,0.0,0.0,0.0,0.0,12.0,2.2,1.0,0.0,3.0,2.0,0.0,1.0,0.0,3.0,3.0,10.13,4.21,3.97,1.13,28,123,121,5.92,0.0%,25.0%,16.7%,8.3%,<a href=https://npb.jp/bis/eng/teams/index_h.html>SoftBank</a>,PL,"('津森 宥紀', 'SoftBank Hawks')"
<a href=https://npb.jp/bis/eng/players/81985133.html>Sawamura Hirokazu</a>,1.0,0.0,1.0,0.0,0.0,0.0,5.0,0.2,2.0,0.0,2.0,1.0,0.0,0.0,0.0,1.0,1.0,13.50,1.59,2.80,4.50,21,46,86,11.91,0.0%,40.0%,20.0%,20.0%,<a href=https://npb.jp/bis/eng/teams/index_m.html>Lotte</a>,PL,"('澤村 拓一', 'Lotte Marines')"
<a href=https://npb.jp/bis/eng/players/51655134.html>Hamaguchi Haruhiro</a>,3.0,0.0,0.0,0.0,0.0,0.0,26.0,7.0,3.0,0.0,7.0,2.0,0.0,0.0,0.0,1.0,1.0,1.29,1.95,2.88,0.71,221,57,88,-0.66,0.0%,26.9%,7.7%,19.2%,<a href=https://npb.jp/bis/eng/teams/index_db.html>DeNA</a>,CL,"('濵口 遥大', 'DeNA BayStars')"
<a href=https://npb.jp/bis/eng/players/41245138.html>Nabatame Tsubasa</a>,2.0,0.0,0.0,0.0,0.0,0.0,11.0,2.2,3.0,0.0,4.0,0.0,0.0,0.0,0.0,0.0,0.0,0.00,0.09,1.16,1.13,999,3,35,-0.09,0.0%,36.4%,0.0%,36.4%,<a href=https://npb.jp/bis/eng/teams/index_f.html>Nipponham</a>,PL,"('生田目 翼', 'Nipponham Fighters')"
<a href=https://npb.jp/bis/eng/players/31235134.html>Tanaka Seigi</a>,2.0,0.0,0.0,0.0,0.0,0.0,9.0,2.2,1.0,0.0,3.0,0.0,0.0,0.0,0.0,0.0,0.0,0.00,0.84,1.47,0.38,999,24,45,-0.84,0.0%,33.3%,0.0%,33.3%,<a href=https://npb.jp/bis/eng/teams/index_f.html>Nipponham</a>,PL,"('田中 正義', 'Nipponham Fighters')"
<a href=https://npb.jp/bis/eng/players/71675135.html>Masuda Naoya</a>,2.0,0.0,0.0,1.0,0.0,0.0,6.0,1.2,1.0,1.0,3.0,0.0,0.0,0.0,0.0,1.0,1.0,5.40,7.29,-0.20,0.60,53,212,-6,-1.89,16.7%,50.0%,0.0%,50.0%,<a href=https://npb.jp/bis/eng/teams/index_m.html>Lotte</a>,PL,"('益田 直也', 'Lotte Marines')"
<a href=https://npb.jp/bis/eng/players/41145153.html>Ishii Daichi</a>,2.0,0.0,0.0,0.0,0.0,0.0,7.0,1.2,2.0,0.0,1.0,0.0,0.0,0.0,0.0,0.0,0.0,0.00,1.89,3.37,1.20,999,58,103,-1.89,0.0%,14.3%,0.0%,14.3%,<a href=https://npb.jp/bis/eng/teams/index_t.html>Hanshin</a>,CL,"('石井 大智', 'Hanshin Tigers')"
<a href=https://npb.jp/bis/eng/players/61165139.html>Ishikawa Shuta</a>,1.0,0.0,1.0,0.0,0.0,0.0,21.0,5.2,4.0,1.0,4.0,0.0,0.0,0.0,0.0,1.0,1.0,1.59,3.97,2.90,0.71,179,116,89,-2.38,4.8%,19.0%,0.0%,19.0%,<a href=https://npb.jp/bis/eng/teams/index_h.html>SoftBank</a>,PL,"('石川 柊太', 'SoftBank Hawks')"
<a href=https://npb.jp/bis/eng/players/81685155.html>Fukushima Ren</a>,1.0,0.0,0.0,0.0,0.0,0.0,10.0,2.1,1.0,1.0,2.0,2.0,0.0,0.0,0.0,1.0,1.0,3.86,9.52,4.80,1.29,75,276,147,-5.66,10.0%,20.0%,20.0%,0.0%,<a href=https://npb.jp/bis/eng/teams/index_f.html>Nipponham</a>,PL,"('福島 蓮', 'Nipponham Fighters')"
<a href=https://npb.jp/bis/eng/players/71275134.html>Taneichi Atsuki</a>,1.0,0.0,1.0,0.0,0.0,0.0,28.0,7.0,5.0,0.0,6.0,3.0,0.0,0.0,0.0,4.0,3.0,3.86,2.66,3.73,1.14,74,77,114,1.20,0.0%,21.4%,10.7%,10.7%,<a href=https://npb.jp/bis/eng/teams/index_m.html>Lotte</a>,PL,"('種市 篤暉', 'Lotte Marines')"
<a href=https://npb.jp/bis/eng/players/31835157.html>Funabasama Hiromasa</a>,3.0,0.0,0.0,0.0,0.0,0.0,5.0,1.0,2.0,0.0,0.0,0.0,0.0,0.0,0.0,0.0,0.0,0.00,3.09,4.80,2.00,999,93,147,-3.09,0.0%,0.0%,0.0%,0.0%,<a href=https://npb.jp/bis/eng/teams/index_g.html>Yomiuri</a>,CL,"('船迫 大雅', 'Yomiuri Giants')"
<a href=https://npb.jp/bis/eng/players/41745137.html>Sugano Tomoyuki</a>,2.0,0.0,2.0,0.0,0.0,0.0,33.0,9.0,8.0,1.0,6.0,1.0,0.0,0.0,0.0,3.0,3.0,3.00,3.53,3.28,1.00,92,106,100,-0.53,3.0%,18.2%,3.0%,15.2%,<a href=https://npb.jp/bis/eng/teams/index_g.html>Yomiuri</a>,CL,"('菅野 智之', 'Yomiuri Giants')"
<a href=https://npb.jp/bis/eng/players/91595157.html>Kikuchi Riku</a>,1.0,0.0,0.0,0.0,0.0,0.0,1.0,0.1,0.0,0.0,1.0,0.0,0.0,0.0,0.0,0.0,0.0,0.00,-2.91,-5.20,0.00,999,-85,-159,2.91,0.0%,100.0%,0.0%,100.0%,<a href=https://npb.jp/bis/eng/teams/index_m.html>Lotte</a>,PL,"('菊地 吏玖', 'Lotte Marines')"
<a href=https://npb.jp/bis/eng/players/51155155.html>Akahoshi Yuji</a>,2.0,0.0,1.0,0.0,0.0,0.0,7.0,2.0,1.0,0.0,2.0,0.0,0.0,0.0,1.0,1.0,1.0,4.50,1.09,1.94,0.50,61,33,59,3.41,0.0%,28.6%,0.0%,28.6%,<a href=https://npb.jp/bis/eng/teams/index_g.html>Yomiuri</a>,CL,"('赤星 優志', 'Yomiuri Giants')"
<a href=https://npb.jp/bis/eng/players/51555157.html>Kanemura Shoma</a>,1.0,0.0,0.0,0.0,0.0,0.0,24.0,6.2,4.0,2.0,3.0,0.0,0.0,0.0,0.0,2.0,2.0,2.70,6.09,3.55,0.60,106,176,109,-3.39,8.3%,12.5%,0.0%,12.5%,<a href=https://npb.jp/bis/eng/teams/index_f.html>Nipponham</a>,PL,"('金村 尚真', 'Nipponham Fighters')"
<a href=https://npb.jp/bis/eng/players/71275153.html>Suzuki Shota</a>,2.0,0.0,0.0,0.0,0.0,0.0,5.0,1.1,1.0,0.0,2.0,0.0,0.0,0.0,0.0,0.0,0.0,0.00,0.09,0.80,0.75,999,3,24,-0.09,0.0%,40.0%,0.0%,40.0%,<a href=https://npb.jp/bis/eng/teams/index_m.html>Lotte</a>,PL,"('鈴木 昭汰', 'Lotte Marines')"
<a href=https://npb.jp/bis/eng/players/31635155.html>Hasegawa Takehiro</a>,1.0,0.0,0.0,0.0,0.0,0.0,4.0,1.0,0.0,0.0,0.0,1.0,0.0,0.0,0.0,0.0,0.0,0.00,6.09,7.30,1.00,999,178,223,-6.09,0.0%,0.0%,25.0%,-25.0%,<a href=https://npb.jp/bis/eng/teams/index_h.html>SoftBank</a>,PL,"('長谷川 威展', 'SoftBank Hawks')"
<a href=https://npb.jp/bis/eng/players/91095134.html>Takanashi Yuhei</a>,4.0,0.0,0.0,0.0,0.0,0.0,9.0,3.1,1.0,0.0,3.0,0.0,0.0,0.0,0.0,0.0,0.0,0.00,1.29,1.47,0.30,999,39,45,-1.29,0.0%,33.3%,0.0%,33.3%,<a href=https://npb.jp/bis/eng/teams/index_g.html>Yomiuri</a>,CL,"('高梨 雄平', 'Yomiuri Giants')"
<a href=https://npb.jp/bis/eng/players/91095136.html>Takahashi Haruto</a>,1.0,0.0,1.0,0.0,0.0,0.0,23.0,5.0,6.0,0.0,4.0,1.0,0.0,1.0,0.0,4.0,4.0,7.20,2.69,3.50,1.40,38,83,107,4.51,0.0%,17.4%,4.3%,13.1%,<a href=https://npb.jp/bis/eng/teams/index_t.html>Hanshin</a>,CL,"('髙橋 遥人', 'Hanshin Tigers')"
<a href=https://npb.jp/bis/eng/players/21725138.html>Saito Yukiya</a>,2.0,0.0,0.0,0.0,0.0,0.0,7.0,1.2,0.0,0.0,2.0,2.0,1.0,0.0,0.0,0.0,0.0,0.00,4.29,4.80,1.20,999,124,147,-4.29,0.0%,28.6%,28.6%,0.0%,<a href=https://npb.jp/bis/eng/teams/index_f.html>Nipponham</a>,PL,"('齋藤 友貴哉', 'Nipponham Fighters')"
