Team,PA,AB,R,H,2B,3B,HR,TB,RBI,SB,CS,SH,SF,SO,BB,IBB,HP,GDP,AVG,OBP,SLG,OPS,OPS+,ISO,BABIP,TTO%,K%,BB%,BB/K,League
<a href=https://npb.jp/bis/eng/teams/index_t.html>Hanshin Tigers</a>,371,327,38,83,10,3,3,108,39,2,3,11,0,77,30,7,3,4,0.254,0.322,0.330,0.652,103,0.076,0.324,29.6%,20.8%,8.1%,0.39,CL
<a href=https://npb.jp/bis/eng/teams/index_c.html>Hiroshima Carp</a>,186,158,10,37,3,1,2,48,11,1,2,9,4,39,15,4,0,2,0.234,0.294,0.304,0.598,87,0.070,0.289,30.1%,21.0%,8.1%,0.38,CL
<a href=https://npb.jp/bis/eng/teams/index_db.html>DeNA BayStars</a>,82,73,3,19,3,0,1,25,4,2,1,4,1,9,4,0,0,0,0.260,0.295,0.342,0.637,96,0.082,0.281,17.1%,11.0%,4.9%,0.44,CL
<a href=https://npb.jp/bis/eng/teams/index_b.html>ORIX Buffaloes</a>,409,364,42,93,18,2,7,136,41,2,0,9,3,67,29,0,4,6,0.255,0.315,0.374,0.689,116,0.119,0.294,25.2%,16.4%,7.1%,0.43,PL
<a href=https://npb.jp/bis/eng/teams/index_m.html>Lotte Marines</a>,255,219,24,52,8,0,5,75,25,0,1,9,3,48,22,0,2,5,0.237,0.309,0.342,0.651,98,0.105,0.278,29.4%,18.8%,8.6%,0.46,PL
<a href=https://npb.jp/bis/eng/teams/index_h.html>SoftBank Hawks</a>,113,103,8,20,5,1,1,30,8,2,0,1,0,24,8,0,1,0,0.194,0.259,0.291,0.550,70,0.097,0.244,29.2%,21.2%,7.1%,0.33,PL
League Average,118,104,10,25,4,1,2,35,11,1,1,4,1,22,9,1,1,1,0.244,0.307,0.339,0.646,100,0.095,0.284,28.0%,18.6%,7.6%,0.41,
