Team,PA,AB,R,H,2B,3B,HR,TB,RBI,SB,CS,SH,SF,SO,BB,IBB,HP,GDP,AVG,OBP,SLG,OPS,OPS+,ISO,BABIP,TTO%,K%,BB%,BB/K,League
<a href=https://npb.jp/bis/eng/teams/index_t.html>Hanshin Tigers</a>,77,68,2,16,4,0,0,20,2,0,1,0,0,12,8,0,1,1,0.235,0.325,0.294,0.619,110,0.059,0.286,26.0%,15.6%,10.4%,0.67,CL
<a href=https://npb.jp/bis/eng/teams/index_g.html>Yomiuri Giants</a>,176,159,10,31,5,0,0,36,10,1,0,3,2,42,11,0,1,3,0.195,0.249,0.226,0.475,57,0.031,0.261,30.1%,23.9%,6.2%,0.26,CL
<a href=https://npb.jp/bis/eng/teams/index_s.html>Yakult Swallows</a>,333,283,28,58,10,2,6,90,27,0,2,8,1,79,38,3,3,6,0.205,0.305,0.318,0.623,103,0.113,0.261,36.9%,23.7%,11.4%,0.48,CL
<a href=https://npb.jp/bis/eng/teams/index_b.html>ORIX Buffaloes</a>,327,292,21,68,9,1,5,94,21,0,3,10,0,64,23,6,2,4,0.233,0.293,0.322,0.615,109,0.089,0.283,28.1%,19.6%,7.0%,0.36,PL
<a href=https://npb.jp/bis/eng/teams/index_m.html>Lotte Marines</a>,167,154,12,34,6,0,4,52,11,3,2,2,2,42,8,1,1,3,0.221,0.261,0.338,0.599,97,0.117,0.273,32.3%,25.1%,4.8%,0.19,PL
<a href=https://npb.jp/bis/eng/teams/index_e.html>Rakuten Eagles</a>,80,70,7,16,7,0,1,26,7,0,0,1,0,18,9,0,0,0,0.229,0.316,0.371,0.687,132,0.142,0.294,35.0%,22.5%,11.2%,0.50,PL
League Average,97,86,7,19,3,0,1,26,6,0,1,2,0,21,8,1,1,1,0.217,0.289,0.310,0.599,100,0.093,0.281,30.9%,21.6%,8.2%,0.38,
